,name,username,license,tags,freesound_id,path
0,Kick Drum E-1,Rob10,http://creativecommons.org/publicdomain/zero/1.0/,"['Basic', 'Drum', 'Kick', 'one', 'sample', 'shot']",132584,files/132584_2409787-hq.ogg
1,Clicky Sub Kick Drum,TheEndOfACycle,http://creativecommons.org/publicdomain/zero/1.0/,"['1-hit', 'drum', 'drums', 'hit', 'kick', 'layered', 'one-shot', 'percussion', 'sample', 'single', 'sub']",673512,files/673512_3130497-hq.ogg
2,Lo fi kick drum 01.wav,johnnypanic,http://creativecommons.org/publicdomain/zero/1.0/,"['drum', 'drums', 'kick', 'lofi', 'percussion', 'sample']",647617,files/647617_24119-hq.ogg
3,Subby Kick Drum,Mattc90,http://creativecommons.org/publicdomain/zero/1.0/,"['amazing', 'awesome', 'beat', 'bpm', 'campbell', 'cool', 'dance', 'dark', 'deep', 'drum', 'drums', 'dubstep', 'garage', 'groove', 'house', 'kick', 'kickdrum', 'loop', 'loops', 'lowend', 'matt', 'one', 'sample', 'shot', 'sick', 'snappy', 'sub', 'techno']",400707,files/400707_1126957-hq.ogg
4,Fractanimal_Acoustic_Drum_Kit_Kick_7.wav,johnnydekk,http://creativecommons.org/publicdomain/zero/1.0/,"['drum', 'kick', 'kit', 'percussion']",581461,files/581461_5790048-hq.ogg
5,80's Reflecter Kick.wav,Walter_Odington,http://creativecommons.org/publicdomain/zero/1.0/,"['bass', 'dance', 'drum', 'electro', 'electronic', 'kick', 'music', 'techno']",25634,files/25634_48671-hq.ogg
6,Big Vintage Kick Drum,mccaslinmusic,http://creativecommons.org/publicdomain/zero/1.0/,"['Drum', 'Kick', 'Ludwig', 'Vintage']",465547,files/465547_5137552-hq.ogg
7,DW Kick [5],YellowTree,https://creativecommons.org/licenses/by/4.0/,"['808', 'acoustic', 'bass', 'bass-drum', 'beat', 'beats', 'clap', 'crash', 'drop', 'drum', 'drums', 'edm', 'hi-hat', 'hip-hop', 'kick', 'kick-drum', 'loop', 'metal', 'multisample', 'one-shot', 'percussion', 'punch', 'rap', 'reverb', 'rock', 'room', 'sample', 'samples', 'snare', 'tom']",431636,files/431636_1954411-hq.ogg
8,SMG_Sound_Drum_Kick_0026216281.wav,stoltingmediagroup,https://creativecommons.org/licenses/by/4.0/,"['drum', 'drumkick', 'kick']",599886,files/599886_2871314-hq.ogg
9,Moog Model 15 App Kick Drum session 01 2021 by Ama Zeus_3.wav,AmaZeuSamples,https://creativecommons.org/licenses/by/4.0/,"['808', 'Analog', 'Drum', 'Kick', 'Moog', 'Moog-Model-15-app', 'SSL2', 'Sample', 'Solid-State-Logic', 'Synth']",564190,files/564190_7724104-hq.ogg
10,kik0025.wav,winstonsmith84,http://creativecommons.org/licenses/by/3.0/,"['bass', 'drum', 'kick']",58481,files/58481_723873-hq.ogg
11,Kick-HingHon.wav,d33ko,https://creativecommons.org/licenses/by-nc/4.0/,"['drum', 'homekeyboard', 'kick', 'lo-fi']",98259,files/98259_1651335-hq.ogg
12,kick2-high-vol.wav,ltibbits,http://creativecommons.org/licenses/sampling+/1.0/,"['22inch', 'drum', 'hard', 'hit', 'kick', 'metal']",16290,files/16290_49141-hq.ogg
13,Kick.aiff,AsdfgOrt,http://creativecommons.org/licenses/by/3.0/,"['Drum', 'Kick', 'Single']",509486,files/509486_11130100-hq.ogg
14,kriminal kick.wav,shpira,http://creativecommons.org/publicdomain/zero/1.0/,"['distortion', 'drum', 'hardcore', 'kick']",323619,files/323619_656142-hq.ogg
15,[SFX] short metallic hit,waveplaySFX,https://creativecommons.org/licenses/by/4.0/,"['bounce', 'brief', 'dark', 'enormous', 'hit', 'impact', 'metal', 'metallic', 'percussion', 'pluck', 'quick', 'reverb', 'reverbed', 'reverberated', 'reverberation', 'short', 'splash', 'techno', 'wall', 'wow']",366400,files/366400_1676145-hq.ogg
16,[Perc] custom tom,waveplaySFX,http://creativecommons.org/publicdomain/zero/1.0/,"['acid', 'ambient', 'club', 'dance', 'dark', 'drop', 'dry', 'dub', 'echo', 'effect', 'electro', 'electronic', 'fx', 'glitch-hop', 'house', 'kick', 'minimal', 'panning', 'percussion', 'rave', 'raw', 'record', 'reverb', 'rip', 'sound', 'stereo', 'techno', 'tom', 'toms', 'trance']",196758,files/196758_1676145-hq.ogg
17,metal tube 4.ogg,adharca,http://creativecommons.org/publicdomain/zero/1.0/,"['clang', 'industrial', 'iron', 'metal', 'metallic', 'steel', 'ting', 'tribal']",278173,files/278173_4366671-hq.ogg
18,dropping_a_file_on_end_01.wav,joedeshon,https://creativecommons.org/licenses/by/4.0/,"['bang', 'clang', 'crash', 'file', 'hit', 'hum', 'industrial', 'metal', 'metallic', 'steel', 'tool']",78567,files/78567_1218676-hq.ogg
19,undustrial.wav,NoiseCollector,http://creativecommons.org/licenses/by/3.0/,"['bang', 'boing', 'clang', 'industrial', 'metal']",67407,files/67407_4948-hq.ogg
20,small-metal-hit-10.wav,newagesoup,http://creativecommons.org/publicdomain/zero/1.0/,"['bell', 'blacksmith', 'clang', 'factory', 'hammer', 'hit', 'impact', 'industrial', 'industry', 'iron', 'lock', 'metal', 'metallic', 'nails', 'percussion', 'pipe', 'rod', 'rumble', 'scrape', 'shield', 'shiny', 'steel', 'ting']",337873,files/337873_4067257-hq.ogg
21,Deep metal clang,BlenderDiplom,http://creativecommons.org/publicdomain/zero/1.0/,"['bang', 'boom', 'clang', 'deep', 'hit', 'industrial', 'metal']",201094,files/201094_2780645-hq.ogg
22,roller conveyor 3 at the USS North Carolina,ChrisReierson,http://creativecommons.org/publicdomain/zero/1.0/,"['clang', 'clank', 'industrial', 'metal', 'roll', 'rolling', 'sfx', 'sound-effect', 'spin', 'spinning']",433742,files/433742_7137750-hq.ogg
23,shing.wav,copyc4t,https://creativecommons.org/licenses/by/4.0/,"['Audacity', 'Power-Station-Industrializer', 'arcade', 'clang', 'hit', 'impact', 'industrial', 'iron', 'metal', 'metallic', 'percussion', 'request', 'retro', 'rod', 'scrape', 'shing', 'steel', 'ting', 'videogame']",209942,files/209942_1904290-hq.ogg
24,Tube Rock Rattle.wav,datasoundsample,https://creativecommons.org/licenses/by/4.0/,"['clang', 'clatter', 'hollow', 'industrial', 'metal', 'plastic', 'rattle', 'rocks', 'tube']",638643,files/638643_433684-hq.ogg
25,Toolbox,Breviceps,http://creativecommons.org/publicdomain/zero/1.0/,"['box', 'clang', 'industrial', 'iron', 'metal', 'metallic', 'sound', 'tool', 'toolbox', 'tools']",457041,files/457041_9159316-hq.ogg
26,Scaff03.wav,skinnytecboy,https://creativecommons.org/licenses/by/4.0/,"['clang', 'hit', 'metal', 'scaffold', 'steel', 'ting']",241648,files/241648_3250088-hq.ogg
27,E_distorto.wav,spinozz,http://creativecommons.org/publicdomain/zero/1.0/,"['EDM', 'ableton', 'bass', 'dark', 'deep', 'distorted', 'dnb', 'dub', 'fat', 'fm', 'howling', 'low', 'operator', 'rolling', 'sub', 'synthesized', 'techno']",339946,files/339946_4316474-hq.ogg
28,venge.wav,tim.kahn,https://creativecommons.org/licenses/by/4.0/,"['bass', 'dark', 'digital', 'sinister', 'wobble']",103342,files/103342_7037-hq.ogg
29,A Cold Dark Winter - 92 BPM - C Minor - Drum 8.flac,Doctor_Dreamchip,https://creativecommons.org/licenses/by/4.0/,"['ambient', 'analog', 'arturia', 'bass', 'dance', 'digital', 'downtempo', 'drums', 'edm', 'electronic', 'experimental', 'hardware', 'house', 'idm', 'korg', 'loop', 'music', 'novation', 'percussion', 'sample', 'synth', 'synthesizer', 'triphop']",752904,files/752904_8462944-hq.ogg
30,DirtyPluckBassG.wav,milesperhour425,http://creativecommons.org/publicdomain/zero/1.0/,"['Ableton', 'Alien', 'Analog', 'Electronic', 'Futuristic', 'Futuristic-Machines', 'Machines', 'Mechanical', 'Noise', 'Operator', 'Sci-fi', 'Serum', 'Space', 'Spacecraft', 'Take-off', 'UFO']",424343,files/424343_8223515-hq.ogg
31,bd_dark.wav,perlssdj,https://creativecommons.org/licenses/by/4.0/,"['bassdrum', 'synthesized']",41114,files/41114_27322-hq.ogg
32,noise with low pitch whir,EtherAudio,https://creativecommons.org/licenses/by/4.0/,"['ambience', 'ambient', 'atmosphere', 'background', 'dark', 'drone', 'ether-audio', 'etheraudio', 'low', 'lowpitch', 'noise', 'soundscape', 'synth', 'whir', 'white-noise']",750917,files/750917_16155788-hq.ogg
33,low distorted noise.wav,Tkocz,http://creativecommons.org/publicdomain/zero/1.0/,"['ambiance', 'ambient', 'atmosphere', 'dark', 'distortion', 'drone', 'effect', 'electric', 'electronic', 'experimental', 'fx', 'lo-fi', 'noise', 'sfx', 'sound', 'static', 'strange']",352760,files/352760_5758266-hq.ogg
34,DJB_79.WAV,art6nik,http://creativecommons.org/publicdomain/zero/1.0/,"['dark', 'distorted', 'distortion', 'drone', 'experimental', 'noise', 'perc', 'sfx']",53371,files/53371_547769-hq.ogg
35,Morph transforms sound effect 12.wav,AudioPapkin,http://creativecommons.org/publicdomain/zero/1.0/,"['Sci-fi', 'abstract', 'atmosphere', 'background', 'cinematic', 'dark', 'destruction', 'drone', 'futuristic', 'game', 'glitch', 'hit', 'horror', 'impact', 'metal', 'metalic', 'morph', 'moves', 'noise', 'opening', 'rise', 'scary', 'stinger', 'transformation', 'transformer', 'transition', 'woosh']",440395,files/440395_8698658-hq.ogg
36,Transformation 3.wav,AudioPapkin,http://creativecommons.org/publicdomain/zero/1.0/,"['Sci-fi', 'abstract', 'atmosphere', 'background', 'cinematic', 'dark', 'destruction', 'drone', 'futuristic', 'game', 'glitch', 'hit', 'horror', 'impact', 'metal', 'metalic', 'morph', 'moves', 'noise', 'opening', 'rise', 'scary', 'stinger', 'transformation', 'transformer', 'transition', 'woosh']",441529,files/441529_8698658-hq.ogg
37,Sci-fi  sound effects (34).wav,AudioPapkin,http://creativecommons.org/publicdomain/zero/1.0/,"['Sci-fi', 'abstract', 'atmosphere', 'background', 'cinematic', 'dark', 'destruction', 'drone', 'futuristic', 'game', 'glitch', 'hit', 'horror', 'impact', 'metal', 'metalic', 'morph', 'moves', 'noise', 'opening', 'rise', 'scary', 'stinger', 'transformation', 'transformer', 'transition', 'woosh']",431944,files/431944_8698658-hq.ogg
38,Futuristic organic effect (10).wav,AudioPapkin,http://creativecommons.org/publicdomain/zero/1.0/,"['abstract', 'cinematic', 'dark', 'destruction', 'drone', 'futuristic', 'game', 'glitch', 'hit', 'impact', 'metallic', 'morph', 'moves', 'noise', 'opening', 'organic', 'stinger', 'transformation', 'transformer', 'transition', 'woosh']",431231,files/431231_8698658-hq.ogg
39,Futuristic organic effect (44).wav,AudioPapkin,http://creativecommons.org/publicdomain/zero/1.0/,"['abstract', 'cinematic', 'dark', 'destruction', 'drone', 'futuristic', 'game', 'glitch', 'hit', 'impact', 'metallic', 'morph', 'moves', 'noise', 'opening', 'organic', 'stinger', 'transformation', 'transformer', 'transition', 'woosh']",431284,files/431284_8698658-hq.ogg
40,Big Roar.wav,AnusProductions,http://creativecommons.org/publicdomain/zero/1.0/,"['Ambient', 'Animal', 'Atmosphere', 'Creature', 'Creepy', 'Dark', 'Drone', 'Fast', 'Horror', 'Loud', 'Menacing', 'Monster', 'Noise', 'Original', 'Scary', 'Scream', 'Sound', 'Spooky', 'Voice']",429083,files/429083_7474451-hq.ogg
41,Glitch #3,danlucaz,http://creativecommons.org/publicdomain/zero/1.0/,"['dark', 'distorted', 'distortion', 'drone', 'effects', 'electronic', 'experimental', 'glitch', 'harsh', 'loop', 'noise', 'old-radio', 'processed', 'radio', 'science', 'sfx', 'synth', 'terrible', 'vintage', 'war']",569850,files/569850_9996727-hq.ogg
42,low hum,EtherAudio,https://creativecommons.org/licenses/by/4.0/,"['ambience', 'ambient', 'atmosphere', 'creepy', 'dark', 'deep', 'drone', 'ether-audio', 'etheraudio', 'hum', 'low', 'noise', 'ominous', 'synth', 'wind']",750915,files/750915_16155788-hq.ogg
43,Swoosh 4.wav,AudioPapkin,http://creativecommons.org/publicdomain/zero/1.0/,"['Sci-fi', 'abstract', 'atmosphere', 'background', 'cinematic', 'dark', 'destruction', 'drone', 'futuristic', 'game', 'glitch', 'hit', 'horror', 'impact', 'metal', 'metalic', 'morph', 'moves', 'noise', 'opening', 'rise', 'scary', 'stinger', 'transformation', 'transformer', 'transition', 'woosh']",441348,files/441348_8698658-hq.ogg
44,Futuristic organic effect (33).wav,AudioPapkin,http://creativecommons.org/publicdomain/zero/1.0/,"['abstract', 'cinematic', 'dark', 'destruction', 'drone', 'futuristic', 'game', 'glitch', 'hit', 'impact', 'metallic', 'morph', 'moves', 'noise', 'opening', 'organic', 'stinger', 'transformation', 'transformer', 'transition', 'woosh']",431249,files/431249_8698658-hq.ogg
45,acid bass2.wav,D0tDashDialUp,http://creativecommons.org/publicdomain/zero/1.0/,"['303', 'acid', 'bass', 'bassline', 'house', 'loop', 'roland', 'synth', 'tb303', 'techno']",627753,files/627753_13140709-hq.ogg
46,SquareResBass_SlideUp.wav,synxwtf,http://creativecommons.org/publicdomain/zero/1.0/,"['303', 'acid', 'bass', 'leftfield']",612195,files/612195_13576318-hq.ogg
47,AI_Hi-Hat Closed 4.wav,AlexIero_1,http://creativecommons.org/publicdomain/zero/1.0/,"['Drums', 'EDM', 'Electronic', 'Hi-Hat', 'House']",387188,files/387188_7255534-hq.ogg
48,HI-HAT_closed_PO-12.aif,jannevse,http://creativecommons.org/publicdomain/zero/1.0/,"['closed', 'cymbal', 'drum', 'electro', 'electronic', 'hi-hat', 'hip-hop', 'music', 'po-12', 'sample', 'techno']",669733,files/669733_5819399-hq.ogg
49,HHbright.aif,aron1,http://creativecommons.org/licenses/sampling+/1.0/,"['closed-hi-hat', 'electronic', 'fm', 'hi-hat', 'synthetic']",29568,files/29568_227342-hq.ogg
50,HH Pd 03.wav,pomeroyjoshua,http://creativecommons.org/publicdomain/zero/1.0/,"['electronic', 'hats', 'pedel']",513398,files/513398_938351-hq.ogg
51,hh_short.wav,synxwtf,http://creativecommons.org/publicdomain/zero/1.0/,"['electronic', 'hat', 'hh', 'hi-hat', 'hihat']",612218,files/612218_13576318-hq.ogg
52,TR-808 - Hi Hat (open),iainmccurdy,https://creativecommons.org/licenses/by-nc/4.0/,"['Roland', 'TR-808', 'analog', 'drum-machine', 'electro', 'electronic', 'hi-hat-open', 'soundesign', 'synth', 'synthesizer']",640033,files/640033_3655844-hq.ogg
53,8-bit Soft Hi-Hat,JapanYoshiTheGamer,http://creativecommons.org/publicdomain/zero/1.0/,"['8-bit', '8bit', 'arcade', 'bleep', 'chip', 'chippy', 'chiptune', 'digital', 'drum', 'drums', 'effect', 'electronic', 'famicom', 'fx', 'game', 'hat', 'hihat', 'impact', 'lo-fi', 'nes', 'noise', 'percussion', 'retro', 'sound', 'sound-effect', 'soundeffect', 'synth', 'vgm', 'video-game', 'videogame']",361267,files/361267_2901280-hq.ogg
54,mechhat1.wav,blaster78,http://creativecommons.org/licenses/sampling+/1.0/,"['drum', 'electronic', 'processed']",14517,files/14517_12142-hq.ogg
55,Electronic Kick Drum #3,IanStarGem,http://creativecommons.org/publicdomain/zero/1.0/,"['3', 'Analog', 'Bass', 'Clap', 'Closed', 'Dance', 'Digital', 'Drum', 'Drums', 'Drumstep', 'Dubstep', 'EDM', 'Electro', 'Electronic', 'Hi-Hats', 'House', 'Kick', 'Music', 'Open', 'Ride', 'Sample', 'Snare', 'Stab', 'Synthesizer']",271079,files/271079_4965320-hq.ogg
56,[Drums] rap clap (funk thing),waveplaySFX,http://creativecommons.org/publicdomain/zero/1.0/,"['acid', 'ambient', 'clap', 'club', 'custom', 'dance', 'delay', 'drop', 'dub', 'dub-step', 'dubstep', 'echo', 'effect', 'electro', 'electronic', 'fx', 'glitch-hop', 'house', 'minimal', 'noise', 'pan', 'panning', 'rave', 'record', 'reverb', 'snare', 'sound', 'stereo', 'techno', 'trance']",223834,files/223834_1676145-hq.ogg
57,8-bit Soft Clap or Snare,JapanYoshiTheGamer,http://creativecommons.org/publicdomain/zero/1.0/,"['8-bit', '8bit', 'arcade', 'chip', 'chippy', 'chiptune', 'clap', 'digital', 'drum', 'drums', 'effect', 'electronic', 'famicom', 'fx', 'game', 'impact', 'lo-fi', 'nes', 'noise', 'percussion', 'retro', 'snare', 'sound', 'sound-effect', 'soundeffect', 'synth', 'vgm', 'video-game', 'videogame']",361262,files/361262_2901280-hq.ogg
58,clap02.wav,esformouse,http://creativecommons.org/licenses/sampling+/1.0/,"['clap', 'distortion', 'drum', 'electronic', 'percussion', 'snare']",56808,files/56808_231832-hq.ogg
59,BleepdrumBD_02,oceansonmars,http://creativecommons.org/publicdomain/zero/1.0/,"['Analog', 'Bleep', 'Circuit-Bend', 'Clap', 'Drum', 'Drums', 'Electronic', 'Hi-Hats', 'Kick', 'Lo-Fi', 'Snare']",827848,files/827848_15225418-hq.ogg
60,Dirty electro bass.wav,staticpony1,http://creativecommons.org/publicdomain/zero/1.0/,"['4x4-Records', 'Bass', 'Beat', 'Clap', 'Closed', 'Dance', 'Drum', 'Drums', 'EDM', 'Electric-Dance-Music', 'Electro', 'Electronic', 'Hi-Hats', 'House', 'J', 'Kick', 'Lee', 'Loop', 'Off-Shot-Records', 'Open', 'Snare', 'Stab']",249592,files/249592_4508519-hq.ogg
61,Trap Snare 2,muffin3k,http://creativecommons.org/publicdomain/zero/1.0/,"['drum', 'drums', 'hiphop', 'rap', 'sample', 'snare', 'trap']",517297,files/517297_10137963-hq.ogg
62,Attack Zound-155.wav,Jovica,https://creativecommons.org/licenses/by/4.0/,"['electronic', 'soundeffect']",5567,files/5567_2518-hq.ogg
