,freesound_id,id,path,start_sample,end_sample,loudness,mfcc_0,mfcc_1,mfcc_2,mfcc_3,mfcc_4,mfcc_5,mfcc_6,mfcc_7,mfcc_8,mfcc_9,mfcc_10,mfcc_11,mfcc_12
0,132584,132584_f0,files/132584_2409787-hq.ogg,0,8192,0.016300756484270096,-1144.3163,162.57022,140.59113,109.819305,77.023384,48.43705,28.031143,16.743053,12.827419,13.055492,14.188225,14.120167,12.311432
1,132584,132584_f1,files/132584_2409787-hq.ogg,8192,16384,0.0017506255535408854,-1229.1189,50.385822,49.6943,48.56241,47.019936,45.107597,42.874077,40.375652,37.672882,34.829105,31.907753,28.970448,26.074848
2,132584,132584_f2,files/132584_2409787-hq.ogg,16384,24576,3.692384052556008e-05,-1249.1178,22.292068,22.16119,21.944672,21.64434,21.263557,20.805664,20.275433,19.677914,19.018871,18.304573,17.541729,16.73742
3,673512,673512_f0,files/673512_3130497-hq.ogg,0,8192,0.013325287960469723,-1120.3147,186.08597,139.70428,85.86011,43.72245,21.222084,14.597702,15.201031,16.477917,16.258755,14.979012,13.366108,11.740959
4,673512,673512_f1,files/673512_3130497-hq.ogg,8192,16384,0.0034656403586268425,-1230.3378,48.66872,47.998318,46.90547,45.42533,43.605324,41.501793,39.178524,36.703033,34.143925,31.567818,29.036732,26.60561
5,673512,673512_f2,files/673512_3130497-hq.ogg,16384,24576,0.0006330891628749669,-1240.3676,34.634693,34.407955,34.034256,33.51934,32.87159,32.100723,31.218655,30.238403,29.174023,28.040207,26.851978,25.624195
6,673512,673512_f3,files/673512_3130497-hq.ogg,24576,32768,0.00011606785119511187,-1246.6497,25.793476,25.695095,25.532013,25.305138,25.01635,24.667297,24.260616,23.79895,23.285381,22.723244,22.116169,21.467957
7,673512,673512_f4,files/673512_3130497-hq.ogg,32768,40960,2.1859847038285807e-05,-1251.5591,18.868729,18.825035,18.752441,18.650784,18.520523,18.361496,18.174282,17.959026,17.716122,17.445854,17.148716,16.825104
8,673512,673512_f5,files/673512_3130497-hq.ogg,40960,49152,4.129137778363656e-06,-1255.012,13.989395,13.956963,13.903168,13.8277855,13.731232,13.613312,13.4744835,13.314922,13.134823,12.934456,12.714153,12.474213
9,673512,673512_f6,files/673512_3130497-hq.ogg,49152,57344,7.815276603651e-07,-1258.4633,9.112259,9.091087,9.056091,9.006939,8.944099,8.867249,8.776817,8.672878,8.555584,8.425072,8.281574,8.125275
10,647617,647617_f0,files/647617_24119-hq.ogg,0,8192,0.0012189922854304314,-1156.6096,129.35562,78.11684,34.66931,14.1746025,13.916321,28.00386,42.97169,39.571396,16.857784,-2.296196,-2.354435,6.4612045
11,400707,400707_f0,files/400707_1126957-hq.ogg,0,8192,0.016418278217315674,-1089.0579,216.86404,144.22577,77.61038,46.22686,43.208473,43.96871,34.873074,21.192455,13.101978,12.021477,11.981838,8.981964
12,400707,400707_f1,files/400707_1126957-hq.ogg,8192,16384,0.00024610344553366303,-1238.8518,36.687733,36.192226,35.37773,34.260796,32.86422,31.215698,29.348034,27.297318,25.102497,22.80407,20.443142,18.060303
13,400707,400707_f2,files/400707_1126957-hq.ogg,16384,24576,0.0,-1264.9116,3.0517578e-05,-6.866455e-05,3.0517578e-05,-8.010864e-05,6.866455e-05,-3.0517578e-05,-6.866455e-05,-4.9591064e-05,-1.9073486e-05,-2.2888184e-05,-1.9073486e-05,-4.196167e-05
14,581461,581461_f0,files/581461_5790048-hq.ogg,0,8192,0.0025430279783904552,-960.7941,211.37125,22.227032,60.19775,26.436226,12.132393,25.680481,11.854244,8.512203,-1.3437042,0.885746,1.2327423,-6.5090256
15,581461,581461_f1,files/581461_5790048-hq.ogg,8192,16384,3.3853400964289904e-05,-1189.5739,101.17566,86.26686,65.0394,41.776573,20.605965,4.4436646,-5.5615616,-9.964424,-10.446007,-9.00766,-7.2585564,-6.033371
16,581461,581461_f2,files/581461_5790048-hq.ogg,16384,24576,2.08591536647873e-05,-1212.8229,71.39278,64.894,55.05974,43.190025,30.760185,19.16597,9.504833,2.4309654,-1.8896561,-3.7270584,-3.6588783,-2.4039116
17,581461,581461_f3,files/581461_5790048-hq.ogg,24576,32768,2.9528694085456664e-06,-1245.2134,27.502522,26.462093,24.8078,22.651604,20.136826,17.424454,14.680904,12.063366,9.707806,7.7190475,6.164257,5.0699997
18,25634,25634_f0,files/25634_48671-hq.ogg,0,8192,0.023679465055465698,-642.21814,89.829285,30.366325,75.58772,14.800919,48.945557,20.187532,35.363373,15.321938,19.929972,4.9117584,6.3225956,-4.0723553
19,465547,465547_f0,files/465547_5137552-hq.ogg,0,8192,0.002226968528702855,-956.4196,181.32736,37.23292,68.36226,18.037437,34.48527,19.806187,16.513432,19.316368,13.90789,13.036751,15.071606,7.866062
20,465547,465547_f1,files/465547_5137552-hq.ogg,8192,16384,0.00014431031013373286,-1222.5588,59.29439,57.51588,54.636948,50.779854,46.107002,40.81054,35.10333,29.20671,23.339344,17.706108,12.488331,7.8355865
21,465547,465547_f2,files/465547_5137552-hq.ogg,16384,24576,4.098866156709846e-06,-1244.5497,28.638996,28.171597,27.405685,26.360283,25.061577,23.541138,21.83604,19.986736,18.036327,16.028923,14.008503,12.01741
22,465547,465547_f3,files/465547_5137552-hq.ogg,24576,32768,3.4297477213840466e-07,-1260.7715,5.85054,5.836937,5.8144836,5.782879,5.742607,5.693222,5.6351547,5.5684166,5.4931145,5.4093246,5.317196,5.216835
23,465547,465547_f4,files/465547_5137552-hq.ogg,32768,40960,2.9200652562622054e-08,-1264.9116,3.0517578e-05,-6.866455e-05,3.0517578e-05,-8.010864e-05,6.866455e-05,-3.0517578e-05,-6.866455e-05,-4.9591064e-05,-1.9073486e-05,-2.2888184e-05,-1.9073486e-05,-4.196167e-05
24,465547,465547_f5,files/465547_5137552-hq.ogg,40960,49152,2.1916113368547485e-08,-1264.9116,3.0517578e-05,-6.866455e-05,3.0517578e-05,-8.010864e-05,6.866455e-05,-3.0517578e-05,-6.866455e-05,-4.9591064e-05,-1.9073486e-05,-2.2888184e-05,-1.9073486e-05,-4.196167e-05
25,465547,465547_f6,files/465547_5137552-hq.ogg,49152,57344,2.1327593913156306e-08,-1264.9116,3.0517578e-05,-6.866455e-05,3.0517578e-05,-8.010864e-05,6.866455e-05,-3.0517578e-05,-6.866455e-05,-4.9591064e-05,-1.9073486e-05,-2.2888184e-05,-1.9073486e-05,-4.196167e-05
26,465547,465547_f7,files/465547_5137552-hq.ogg,57344,65536,2.2304353919366804e-08,-1264.9116,3.0517578e-05,-6.866455e-05,3.0517578e-05,-8.010864e-05,6.866455e-05,-3.0517578e-05,-6.866455e-05,-4.9591064e-05,-1.9073486e-05,-2.2888184e-05,-1.9073486e-05,-4.196167e-05
27,431636,431636_f0,files/431636_1954411-hq.ogg,0,8192,0.015086802653968334,-788.37317,79.50601,29.951775,85.41922,47.527912,50.160374,34.811695,23.926113,16.260227,15.622337,11.580135,9.109495,5.9163074
28,431636,431636_f1,files/431636_1954411-hq.ogg,8192,16384,0.000628691806923598,-1093.0682,94.291916,24.59016,73.45622,44.486412,46.92105,38.451553,30.095123,22.966568,22.838696,19.865425,9.798565,8.325691
29,431636,431636_f2,files/431636_1954411-hq.ogg,16384,24576,4.007635288871825e-05,-1218.8625,62.84032,57.20625,50.35417,44.223213,40.02009,36.879982,33.226894,28.215607,21.571774,14.423874,8.321838,3.687336
30,431636,431636_f3,files/431636_1954411-hq.ogg,24576,32768,1.6208967281272635e-05,-1203.5142,81.23932,68.061905,54.05974,42.330956,31.162453,18.985931,7.903801,1.150814,-1.2273026,-2.1323395,-3.3420296,-3.8012466
31,599886,599886_f0,files/599886_2871314-hq.ogg,0,8192,0.02703811228275299,-665.918,192.44727,60.962887,41.83744,21.22287,17.306538,2.916668,4.2798615,-2.9621887,5.5724564,4.9834175,7.7941895,2.6885452
32,599886,599886_f1,files/599886_2871314-hq.ogg,8192,16384,0.02395542338490486,-756.9218,211.09164,50.71697,64.607834,39.98746,26.666708,2.866394,-1.4942741,-3.8471527,6.245245,7.1131554,10.370392,5.6787224
33,599886,599886_f2,files/599886_2871314-hq.ogg,16384,24576,0.02004135027527809,-915.1016,149.9076,36.971737,64.01962,73.85575,64.755104,40.833305,21.26749,1.8970222,7.3572655,13.609211,11.819893,12.515198
34,599886,599886_f3,files/599886_2871314-hq.ogg,24576,32768,0.01592853292822838,-1048.8818,184.82083,88.81123,74.92691,60.00996,41.264156,19.168972,10.08194,10.390533,18.060339,21.93612,21.508968,14.19305
35,599886,599886_f4,files/599886_2871314-hq.ogg,32768,40960,0.011211534962058067,-1064.3401,229.50009,120.26636,46.336166,31.014229,33.254875,23.427795,10.009228,5.1717796,5.187313,5.509033,9.269978,16.738304
36,599886,599886_f5,files/599886_2871314-hq.ogg,40960,49152,0.009747615084052086,-1061.0106,233.30124,121.26526,44.172333,28.343208,32.694893,24.355728,10.698528,5.4944725,4.9250755,2.926918,3.5468636,10.141083
37,599886,599886_f6,files/599886_2871314-hq.ogg,49152,57344,0.009258849546313286,-1062.5972,232.63602,122.61127,44.70433,27.057487,31.784554,25.101562,11.828365,6.048519,5.293453,2.7320251,1.6867561,7.342331
38,564190,564190_f0,files/564190_7724104-hq.ogg,0,8192,0.03896869719028473,-798.2668,290.04965,52.795353,47.550728,16.831795,19.902729,10.81163,11.242804,7.2892723,9.379305,5.11438,4.1974907,4.079056
39,564190,564190_f1,files/564190_7724104-hq.ogg,8192,16384,0.009411387145519257,-1147.9077,155.13797,127.89099,93.0782,61.117012,38.915413,27.700104,24.063107,23.066467,21.254421,17.89225,14.192745,11.596451
40,564190,564190_f2,files/564190_7724104-hq.ogg,16384,24576,0.0017142340075224638,-1186.2673,107.38739,96.68024,81.23724,63.930153,47.583687,34.28524,25.00111,19.574093,17.046658,16.14257,15.71764,15.038597
41,564190,564190_f3,files/564190_7724104-hq.ogg,24576,32768,0.00032105340505950153,-1213.8763,70.99336,67.56496,62.221714,55.46357,47.890144,40.119896,32.715267,26.120667,20.62524,16.351936,13.272121,11.238785
42,564190,564190_f4,files/564190_7724104-hq.ogg,32768,40960,6.059437509975396e-05,-1232.4241,45.554157,44.406033,42.564774,40.13189,37.237526,34.02871,30.658337,27.27243,23.99989,20.94387,18.176357,15.7359085
43,564190,564190_f5,files/564190_7724104-hq.ogg,40960,49152,1.1244073903071694e-05,-1245.2466,27.721455,27.455532,27.016434,26.41018,25.645317,24.732056,23.68301,22.512207,21.235165,19.868538,18.429897,16.937286
44,564190,564190_f6,files/564190_7724104-hq.ogg,49152,57344,2.094600858981721e-06,-1252.3998,17.649857,17.516655,17.296478,16.991512,16.605438,16.142166,15.607113,15.006054,14.345547,13.632698,12.875187,12.081009
45,58481,58481_f0,files/58481_723873-hq.ogg,0,8192,0.0041268994100391865,-1010.65356,217.87134,35.91943,29.428177,51.605553,31.760078,30.09761,28.63641,17.279064,13.546024,9.526924,5.724842,3.1934319
46,98259,98259_f0,files/98259_1651335-hq.ogg,0,8192,0.012581721879541874,-604.5675,125.386856,1.829895,19.154613,5.2964954,13.870625,9.809341,13.125322,9.649092,10.037142,6.9983788,6.9947624,4.462862
47,98259,98259_f1,files/98259_1651335-hq.ogg,8192,16384,0.001584164216183126,-775.2063,125.77719,0.4632759,18.950008,4.5413284,13.846098,9.096348,12.660532,9.381802,9.4020405,6.4822655,6.845093,4.812481
48,16290,16290_f0,files/16290_49141-hq.ogg,0,8192,0.004148129839450121,-888.05865,144.84067,-33.838474,91.490814,9.922184,35.632607,26.280487,22.700428,15.779354,13.9146805,18.788818,4.20557,10.642509
49,16290,16290_f1,files/16290_49141-hq.ogg,8192,16384,9.226098336512223e-05,-1171.7428,109.55658,69.81325,44.689774,31.54258,25.881462,27.012184,21.90701,10.626858,8.60004,11.641121,7.3188972,2.7568474
50,16290,16290_f2,files/16290_49141-hq.ogg,16384,24576,1.441570475435583e-05,-1216.4496,65.65184,58.042126,48.102783,38.10946,29.32389,22.141571,16.590786,12.419643,8.946323,5.3591843,1.5093117,-1.6777153
51,16290,16290_f3,files/16290_49141-hq.ogg,24576,32768,5.839581262989668e-06,-1228.2667,50.326313,46.08047,39.76851,32.352898,24.864357,18.185394,12.887554,9.156292,6.818371,5.454376,4.559124,3.7011108
52,509486,509486_f0,files/509486_11130100-hq.ogg,0,8192,0.00838069524616003,-773.0928,212.86282,5.681885,55.839214,14.17931,28.195011,-3.7254333,2.9070053,-2.9415283,-0.23852539,0.34560776,6.1699867,7.009739
53,509486,509486_f1,files/509486_11130100-hq.ogg,8192,16384,0.00025587284471839666,-1073.1022,179.71725,47.758144,27.854294,49.153267,35.90725,17.5197,7.7259827,1.0450554,3.618534,2.4633865,-8.295792,-12.203476
54,509486,509486_f2,files/509486_11130100-hq.ogg,16384,24576,0.0001419466861989349,-1088.9867,163.25049,42.044796,26.880173,51.68496,44.65998,21.355286,1.6690598,-0.80223465,4.5896187,-4.8954163,-13.596539,-8.050949
55,509486,509486_f3,files/509486_11130100-hq.ogg,24576,32768,5.6424742069793865e-05,-1113.6215,148.12604,40.789394,10.834625,35.496834,37.75541,14.378571,1.4920883,3.209423,3.0557594,-1.3660431,-3.166359,-2.8377838
56,509486,509486_f4,files/509486_11130100-hq.ogg,32768,40960,4.024306690553203e-05,-1113.5027,146.66476,40.70077,16.714111,40.445,36.107567,13.526474,4.4608383,2.5670433,-1.8000565,-3.6889877,0.060214996,5.292721
57,509486,509486_f5,files/509486_11130100-hq.ogg,40960,49152,2.5561803340679035e-05,-1109.7234,140.03552,26.868984,15.234528,40.570885,27.082771,4.2368317,-0.37310028,1.2391014,-0.36312103,-2.4978027,-0.8187256,2.8517838
58,509486,509486_f6,files/509486_11130100-hq.ogg,49152,57344,3.894343171850778e-05,-1105.7466,134.6463,24.153683,18.343369,36.857918,37.75605,13.5525055,-4.0251694,4.3234825,4.3043175,4.5706177,1.4902916,-2.5955467
59,323619,323619_f0,files/323619_656142-hq.ogg,0,8192,0.006261643022298813,-686.2949,115.84795,9.620312,50.91102,28.518303,30.97445,13.378042,13.509098,5.2320175,1.6863232,4.8485184,9.241272,13.354517
60,323619,323619_f1,files/323619_656142-hq.ogg,8192,16384,0.0034513201098889112,-897.69824,163.59901,43.177204,60.657146,19.01123,19.604721,13.19022,12.534903,8.911663,9.308638,12.850349,8.923378,3.0247765
61,323619,323619_f2,files/323619_656142-hq.ogg,16384,24576,2.1404803263180838e-08,-1264.9116,3.0517578e-05,-6.866455e-05,3.0517578e-05,-8.010864e-05,6.866455e-05,-3.0517578e-05,-6.866455e-05,-4.9591064e-05,-1.9073486e-05,-2.2888184e-05,-1.9073486e-05,-4.196167e-05
62,323619,323619_f3,files/323619_656142-hq.ogg,24576,32768,2.0475095396932375e-08,-1264.9116,3.0517578e-05,-6.866455e-05,3.0517578e-05,-8.010864e-05,6.866455e-05,-3.0517578e-05,-6.866455e-05,-4.9591064e-05,-1.9073486e-05,-2.2888184e-05,-1.9073486e-05,-4.196167e-05
63,366400,366400_f0,files/366400_1676145-hq.ogg,0,8192,0.0031841613817960024,-783.14233,-166.34044,9.655182,59.434513,-5.069475,5.4877605,-16.27302,4.1264133,-18.578465,12.996898,-6.055893,-0.12381172,-17.364202
64,366400,366400_f1,files/366400_1676145-hq.ogg,8192,16384,0.00040572305442765355,-818.5417,-16.77872,-31.132671,25.651148,-16.02577,33.42341,6.7316017,11.307653,0.8590851,39.96846,-26.895761,9.324089,-0.40539932
65,366400,366400_f2,files/366400_1676145-hq.ogg,16384,24576,0.0006265764241106808,-783.6505,-44.233467,14.816998,6.6594734,-13.533445,15.037329,-1.9790287,19.479979,4.2747726,20.651253,-16.983097,1.2875767,-16.280554
66,366400,366400_f3,files/366400_1676145-hq.ogg,24576,32768,0.000236527033848688,-873.9866,-22.717356,26.366896,10.699089,-11.854572,-4.9195633,-15.284508,-9.828503,0.0634613,-13.168007,-10.294075,-1.4482536,-2.674776
67,196758,196758_f0,files/196758_1676145-hq.ogg,0,8192,0.0003098193265032023,-1217.5231,66.2112,63.824352,59.951847,54.74601,48.410255,41.187523,33.350216,25.18608,16.985302,9.027229,1.5684013,-5.168167
68,196758,196758_f1,files/196758_1676145-hq.ogg,8192,16384,1.402059024258051e-05,-1231.3856,46.755817,44.822445,41.721817,37.62194,32.733376,27.289215,21.528957,15.6841545,9.970135,4.5807037,-0.3145485,-4.5732803
69,278173,278173_f0,files/278173_4366671-hq.ogg,0,8192,0.001645019743591547,-1069.6703,43.209263,8.140282,56.42444,-28.062061,29.416801,12.178764,28.094559,9.59013,12.853619,-8.728897,-7.802105,16.41412
70,278173,278173_f1,files/278173_4366671-hq.ogg,8192,16384,0.0033263962250202894,-808.43713,77.11218,-125.92255,-10.361404,-69.05901,75.18141,10.38047,58.89523,16.326603,26.81337,18.814575,-5.703964,20.756386
71,278173,278173_f2,files/278173_4366671-hq.ogg,16384,24576,0.0003390825295355171,-991.33875,99.98392,-59.28095,-18.70427,-34.200855,50.84262,42.31466,33.231827,-14.673031,-2.062149,21.945465,-9.966076,4.398308
72,278173,278173_f3,files/278173_4366671-hq.ogg,24576,32768,8.413261093664914e-05,-1084.7334,121.516136,-18.427742,-31.682026,-2.156437,49.154816,40.98562,12.277126,4.0995445,16.005192,14.759804,-2.535759,-0.40686417
73,278173,278173_f4,files/278173_4366671-hq.ogg,32768,40960,1.6758596757426858e-05,-1150.0261,109.528656,20.65588,-7.4505615,18.93571,38.815575,26.989319,6.6070404,4.7271233,12.734898,9.631432,-0.2530136,0.0046195984
74,78567,78567_f0,files/78567_1218676-hq.ogg,0,8192,0.004568534437566996,-724.3713,-24.86393,-4.1660748,9.350899,-38.50562,-2.0508156,-38.741802,3.301033,-0.9581909,-33.517574,-8.148394,10.73909,-19.317183
75,78567,78567_f1,files/78567_1218676-hq.ogg,8192,16384,0.006387859582901001,-675.7471,-11.838554,-22.948277,14.508024,-57.000626,-4.3602123,-51.44609,3.2785263,-1.840517,-25.354303,-13.055664,3.1155567,-4.319557
76,78567,78567_f2,files/78567_1218676-hq.ogg,16384,24576,0.006734960246831179,-695.72003,-74.3168,19.320148,8.063986,-17.565117,19.972206,-11.273832,22.459312,-16.49688,-9.877939,2.2197132,16.770967,-7.1750145
77,78567,78567_f3,files/78567_1218676-hq.ogg,24576,32768,0.007509566843509674,-698.7031,-103.43461,15.940567,11.084963,-20.044794,19.829458,-21.545565,31.741068,-7.509157,-15.554298,-5.336775,9.033158,-7.661129
78,78567,78567_f4,files/78567_1218676-hq.ogg,32768,40960,0.0027173981070518494,-900.3001,-97.831345,27.458408,26.353231,-34.76982,13.684511,-55.11332,37.833008,-13.258717,-27.30309,5.924568,15.605902,-17.288824
79,78567,78567_f5,files/78567_1218676-hq.ogg,40960,49152,0.0005222497275099158,-947.0611,-58.5251,37.49772,42.061966,-31.768112,32.72525,-27.983213,32.62149,-7.9371605,-9.261986,-5.260399,32.81668,-24.317028
80,78567,78567_f6,files/78567_1218676-hq.ogg,49152,57344,0.00014254618145059794,-1003.5399,-7.6574783,49.562023,57.252037,-25.663776,45.20176,-17.558962,28.899557,-4.0969696,-15.473114,-1.861126,26.35719,-15.996555
81,78567,78567_f7,files/78567_1218676-hq.ogg,57344,65536,2.0066443539690226e-05,-1090.7789,59.465595,42.4632,44.726963,-12.570549,37.82051,-11.93018,18.736872,-4.592064,-11.691376,-1.8232803,3.852127,4.174904
82,78567,78567_f8,files/78567_1218676-hq.ogg,65536,73728,9.622621291782707e-06,-1115.6812,87.24762,33.610638,21.932808,-8.38097,28.022964,-1.7142487,9.593746,2.8657875,-1.5241394,-4.989212,-3.6402664,4.610752
83,78567,78567_f9,files/78567_1218676-hq.ogg,73728,81920,7.804641427355818e-06,-1126.3582,85.19693,45.516315,18.821373,0.89694214,24.271622,-5.69376,9.117043,-7.72863,-9.95882,-6.447666,-7.54443,1.257885
84,67407,67407_f0,files/67407_4948-hq.ogg,0,8192,0.002711024135351181,-813.99304,320.52094,-44.985325,-13.829224,18.655972,-29.040382,-6.5353775,1.4966812,-5.453964,1.2221718,-1.5793381,5.8453064,2.2041435
85,67407,67407_f1,files/67407_4948-hq.ogg,8192,16384,0.002166126389056444,-819.28784,315.01282,-54.895527,-25.82346,19.908287,-23.229027,-8.834618,-4.9728775,-13.541344,-6.1448517,-8.138054,-0.35837555,2.7573662
86,67407,67407_f2,files/67407_4948-hq.ogg,16384,24576,0.0010708618210628629,-915.71954,285.1233,-6.450691,-33.659946,24.482643,2.2709503,-11.459908,2.7827911,-2.1990242,-10.839561,-9.830292,-3.142048,3.1579704
87,67407,67407_f3,files/67407_4948-hq.ogg,24576,32768,0.0009173293365165591,-936.9404,295.18106,21.402859,-58.164265,-8.344898,-2.3571243,-21.00608,-8.254829,-0.81196976,-13.181221,-15.006142,-7.3800545,-2.410015
88,337873,337873_f0,files/337873_4067257-hq.ogg,0,8192,0.002130183158442378,-705.3021,143.55466,7.050564,30.874283,10.853905,-9.418312,-9.548567,-5.430588,-0.32566452,-5.7753925,-2.101904,-6.146263,-11.862385
89,337873,337873_f1,files/337873_4067257-hq.ogg,8192,16384,0.002040380612015724,-725.6207,180.7985,-7.157753,-11.105541,-5.743931,-14.705227,-4.193285,-3.6814613,-1.2915039,4.476383,-3.3692627,-3.2832603,-3.7457829
90,337873,337873_f2,files/337873_4067257-hq.ogg,16384,24576,0.0002862320397980511,-955.09607,218.47534,5.8018265,5.738556,-8.769772,-12.553108,2.4676208,1.8956451,-2.7469368,1.309372,-2.0668945,-5.552433,-1.0809937
91,337873,337873_f3,files/337873_4067257-hq.ogg,24576,32768,3.78282020392362e-05,-1110.0093,170.89499,71.844315,0.80184937,-15.631031,-5.716545,0.57899475,-1.147377,-3.2706947,-3.766014,-4.1112137,-2.753193,-0.58877945
92,337873,337873_f4,files/337873_4067257-hq.ogg,32768,40960,7.780748092045542e-06,-1180.8271,106.08267,73.224014,34.082993,3.063015,-11.888878,-11.935173,-4.5708237,2.0561333,3.778942,1.4049911,-1.6694984,-2.7918968
93,337873,337873_f5,files/337873_4067257-hq.ogg,40960,49152,1.8786500959322439e-06,-1235.733,39.15813,33.314724,25.0253,16.024014,8.006981,2.1893463,-0.95996857,-1.7413063,-1.0146942,0.15216064,0.8515129,0.5973625
94,337873,337873_f6,files/337873_4067257-hq.ogg,49152,57344,1.1536442343640374e-06,-1255.1396,13.608292,12.984245,11.97757,10.635494,9.021263,7.208786,5.280052,3.319439,1.4094887,-0.37361908,-1.9637108,-3.3080292
95,337873,337873_f7,files/337873_4067257-hq.ogg,57344,65536,5.981471429272744e-10,-1264.9116,3.0517578e-05,-6.866455e-05,3.0517578e-05,-8.010864e-05,6.866455e-05,-3.0517578e-05,-6.866455e-05,-4.9591064e-05,-1.9073486e-05,-2.2888184e-05,-1.9073486e-05,-4.196167e-05
96,337873,337873_f8,files/337873_4067257-hq.ogg,65536,73728,6.370222682683391e-10,-1264.9116,3.0517578e-05,-6.866455e-05,3.0517578e-05,-8.010864e-05,6.866455e-05,-3.0517578e-05,-6.866455e-05,-4.9591064e-05,-1.9073486e-05,-2.2888184e-05,-1.9073486e-05,-4.196167e-05
97,337873,337873_f9,files/337873_4067257-hq.ogg,73728,81920,1.545319179285798e-07,-1256.033,12.049454,10.583488,8.315796,5.4854546,2.3847427,-0.67866516,-3.41671,-5.594902,-7.0558777,-7.7325897,-7.6486397,-6.9073486
98,201094,201094_f0,files/201094_2780645-hq.ogg,0,8192,0.008726026862859726,-682.5031,203.78836,-27.799923,77.87013,-7.0330887,30.530025,-3.8782005,21.921448,-20.674583,19.499025,-12.259743,-2.0999641,-4.565815
99,201094,201094_f1,files/201094_2780645-hq.ogg,8192,16384,0.007957074791193008,-763.2743,239.0528,-26.89983,85.669304,9.595058,20.568626,16.758682,12.601101,-1.8381691,15.353447,3.6730042,-6.0125084,-0.81051636
100,201094,201094_f2,files/201094_2780645-hq.ogg,16384,24576,0.003626543562859297,-856.39026,235.95703,-18.027382,65.09141,28.039345,8.745132,19.94349,11.655071,1.6495018,13.957317,2.8781586,-4.295265,4.554161
101,201094,201094_f3,files/201094_2780645-hq.ogg,24576,32768,0.0013899387558922172,-932.3267,224.43704,4.883934,46.472687,39.588875,10.988335,14.391586,16.03619,-0.30704117,17.092327,11.148979,-7.6908836,3.988037
102,201094,201094_f4,files/201094_2780645-hq.ogg,32768,40960,0.00038314639823511243,-1020.3426,193.88293,28.767925,33.80194,38.726143,11.267426,5.5821533,12.1286125,4.7204247,13.425293,11.03746,-2.519291,1.6181374
103,201094,201094_f5,files/201094_2780645-hq.ogg,40960,49152,7.14197667548433e-05,-1107.9698,153.30168,51.487453,26.795334,32.03878,19.224564,12.475868,14.868618,11.2275505,9.028095,3.8183289,-5.4739227,-2.8864632
104,433742,433742_f0,files/433742_7137750-hq.ogg,0,8192,0.0021560785826295614,-750.4402,70.710144,-98.04843,51.37648,-34.169296,5.49201,25.206726,-19.087482,-6.7162495,4.6258755,1.1273384,-7.782852,4.6632385
105,433742,433742_f1,files/433742_7137750-hq.ogg,8192,16384,0.006776963360607624,-619.5974,55.83929,-110.63622,54.70198,-45.34464,1.6239853,11.159729,-9.34058,-8.109192,-0.99565125,-7.125309,-0.5338898,2.0176144
106,433742,433742_f2,files/433742_7137750-hq.ogg,16384,24576,0.0029649450443685055,-667.72406,88.58078,-116.2713,60.787537,-48.39411,1.3290405,5.628212,-13.426304,-4.5595284,-5.0662384,-1.9573898,2.186039,-8.4088745
107,433742,433742_f3,files/433742_7137750-hq.ogg,24576,32768,0.0013145478442311287,-725.8735,124.29806,-109.309525,49.579952,-38.61678,0.6295891,7.2422333,-12.25293,-0.3046074,-0.60149384,6.2199936,7.173723,-1.2775154
108,433742,433742_f4,files/433742_7137750-hq.ogg,32768,40960,0.0012079877778887749,-720.9808,119.733826,-101.091225,38.0999,-38.984505,5.3023453,0.37370682,-16.101063,-2.2739258,-3.8524055,2.3747215,1.4233894,-4.7154217
109,433742,433742_f5,files/433742_7137750-hq.ogg,40960,49152,0.0008856147178448737,-740.92145,114.65767,-100.030914,46.185867,-32.67184,6.7767334,9.522476,-15.118977,-0.8051491,1.0258064,-0.52096176,-0.45301437,-6.9442577
110,209942,209942_f0,files/209942_1904290-hq.ogg,0,8192,0.006704566068947315,-1162.2324,-71.726746,-40.43349,97.64459,-30.152065,-62.559,72.67119,3.9461136,-94.74426,89.650375,-23.407188,-46.89387,44.544056
111,209942,209942_f1,files/209942_1904290-hq.ogg,8192,16384,0.001610725768841803,-1208.9688,-37.04338,-43.725773,76.62579,-28.055775,-47.840675,70.15425,-18.551216,-48.505737,60.564625,-10.0805435,-45.116238,48.3772
112,209942,209942_f2,files/209942_1904290-hq.ogg,16384,24576,0.0003376712556928396,-1223.4547,-27.725739,-32.0492,57.357117,-22.284084,-34.831993,53.64824,-16.233116,-35.791634,47.807346,-10.107399,-34.81779,40.302128
113,209942,209942_f3,files/209942_1904290-hq.ogg,24576,32768,5.9908714320044965e-05,-1234.6085,-20.171112,-23.638222,41.98398,-15.930607,-26.060005,39.430016,-11.239021,-27.23838,35.365246,-6.4439163,-27.064693,30.0629
114,209942,209942_f4,files/209942_1904290-hq.ogg,32768,40960,1.0625417417031713e-05,-1245.2698,-12.820099,-15.823097,27.195724,-9.312687,-18.10379,25.490997,-5.553032,-19.496964,22.78323,-1.8089752,-19.90176,19.262146
115,638643,638643_f0,files/638643_433684-hq.ogg,0,8192,0.005653664004057646,-624.8799,121.46167,-50.305443,10.701683,-6.173647,-0.7993851,36.47079,27.022718,0.5887337,5.6964684,13.635738,7.590519,4.568348
116,638643,638643_f1,files/638643_433684-hq.ogg,8192,16384,0.00406936788931489,-586.77496,110.136665,-59.858284,23.706123,8.35434,-14.969994,15.50852,13.435331,-8.107613,6.026186,-3.9188938,13.0759735,7.4647484
117,638643,638643_f2,files/638643_433684-hq.ogg,16384,24576,0.00258638896048069,-963.1023,174.38733,-22.841156,31.171745,25.484154,1.0998764,21.011833,43.325348,0.8151436,-0.3751831,18.987953,8.80238,9.769115
118,638643,638643_f3,files/638643_433684-hq.ogg,24576,32768,0.0015730838058516383,-717.68585,148.34955,-80.533905,2.5068092,-5.1324997,-7.950264,14.441174,50.640095,1.9082718,-1.4842453,12.944817,-7.296734,-9.366661
119,638643,638643_f4,files/638643_433684-hq.ogg,32768,40960,0.0022471679840236902,-689.72906,100.45302,-60.707436,6.093664,6.4165707,-12.371084,35.33806,31.38316,-3.353939,-0.5146713,13.46493,10.732748,-7.2307205
120,638643,638643_f5,files/638643_433684-hq.ogg,40960,49152,0.0005906627047806978,-859.1359,212.1763,-100.01563,9.037643,15.717617,-12.316193,30.696877,42.67541,-2.7515907,-4.5175934,30.389618,-6.266079,-3.4652176
121,638643,638643_f6,files/638643_433684-hq.ogg,49152,57344,0.00039069660124368966,-884.563,178.38306,-109.450485,37.090225,18.30061,-25.555138,47.009712,33.565228,-9.838867,-2.8465576,11.749786,6.6014214,17.70832
122,638643,638643_f7,files/638643_433684-hq.ogg,57344,65536,0.0006071865209378302,-940.71466,189.46759,-59.500492,7.6924133,6.2609825,2.5356293,43.046837,12.877689,-0.73314285,8.711842,12.081863,6.055256,-4.4604187
123,638643,638643_f8,files/638643_433684-hq.ogg,65536,73728,4.946829722030088e-05,-1129.2056,130.91559,30.179989,-5.977539,5.373455,17.749039,28.88256,28.18594,8.288799,0.14373398,11.812065,12.262951,3.171669
124,638643,638643_f9,files/638643_433684-hq.ogg,73728,81920,5.8490193623583764e-05,-1198.6747,87.806335,72.310135,52.51071,34.515404,22.580254,17.584015,17.259869,17.876858,16.367481,11.785027,5.459202,-0.043445587
125,457041,457041_f0,files/457041_9159316-hq.ogg,0,8192,0.0018565802602097392,-647.4893,-19.079214,-40.18943,-19.497168,-12.70574,-12.572842,-27.910015,0.48994064,14.897545,15.425977,6.540985,-6.4370785,-9.539832
126,457041,457041_f1,files/457041_9159316-hq.ogg,8192,16384,0.0019045554799959064,-691.71936,0.8491211,-39.506187,-24.712551,5.1439056,-29.247993,-17.356333,1.1794643,16.481388,5.2936153,13.522261,11.857891,-19.296488
127,457041,457041_f2,files/457041_9159316-hq.ogg,16384,24576,0.00014382958761416376,-983.683,61.799946,-1.1848946,-23.256645,-12.505009,6.3978615,-39.390125,22.284311,20.016426,19.257938,-4.750187,3.9442444,-9.114273
128,457041,457041_f3,files/457041_9159316-hq.ogg,24576,32768,0.0004522229137364775,-827.5655,101.97948,-40.599693,-32.129604,-8.254234,-26.76086,-7.8359623,15.020208,5.837902,-2.0599747,-15.2020645,-1.6421261,1.1697636
129,457041,457041_f4,files/457041_9159316-hq.ogg,32768,40960,0.0014393553137779236,-931.9868,58.056595,41.779743,-16.24096,-24.377748,-37.888626,-8.639797,7.6214733,13.039272,10.859007,4.575678,3.8018684,-9.722071
130,457041,457041_f5,files/457041_9159316-hq.ogg,40960,49152,0.0009966142242774367,-853.34485,12.685488,-27.281883,-8.593487,-8.633053,-18.247694,6.0491543,8.877621,7.2679024,-8.044119,-0.99396515,7.957615,8.501818
131,457041,457041_f6,files/457041_9159316-hq.ogg,49152,57344,0.0005276042502373457,-841.3895,10.797762,-51.061005,4.3022327,5.3035545,-21.966484,-10.51939,15.218256,-1.6259651,-7.519272,13.789738,15.815597,-10.807495
132,457041,457041_f7,files/457041_9159316-hq.ogg,57344,65536,0.00031605709227733314,-791.0878,-13.737772,-36.498894,-28.76693,-18.738495,-33.501778,-14.327963,5.9154663,11.309912,17.085361,1.1177483,-3.5222645,-2.9233627
133,457041,457041_f8,files/457041_9159316-hq.ogg,65536,73728,0.00039678430766798556,-837.8786,-20.494682,-18.27207,-13.18174,1.0578499,-27.071566,-9.195473,2.5803146,14.279846,5.915762,-18.834202,12.063174,4.1639366
134,457041,457041_f9,files/457041_9159316-hq.ogg,73728,81920,0.0009108107187785208,-748.30646,4.3057137,-27.088789,-24.459654,1.7883587,-27.480627,-27.051338,2.5891018,22.233643,13.548798,7.0992317,10.609082,-17.110216
135,241648,241648_f0,files/241648_3250088-hq.ogg,0,8192,0.0012290234444662929,-868.42426,28.636036,-58.468864,2.8502293,-22.260904,15.995373,62.212982,-4.189474,-45.15721,6.9414616,18.590752,-30.262386,16.207615
136,241648,241648_f1,files/241648_3250088-hq.ogg,8192,16384,0.00022439063468482345,-1081.5769,13.984116,-113.47478,-11.49086,-44.73019,-1.4578171,55.348373,5.755043,-47.884743,7.389183,17.605911,-16.038334,19.344963
137,241648,241648_f2,files/241648_3250088-hq.ogg,16384,24576,6.766666047042236e-05,-1172.4237,14.638412,-71.30639,-11.128876,-21.431965,-9.671967,60.74736,8.982643,-47.63359,2.47958,10.844597,-10.50211,16.875267
138,241648,241648_f3,files/241648_3250088-hq.ogg,24576,32768,2.25337589654373e-05,-1211.381,13.607315,-36.34612,-9.132263,-20.404217,-12.1217575,47.638695,16.665638,-45.81862,-10.720589,14.635963,-6.054989,15.651432
139,241648,241648_f4,files/241648_3250088-hq.ogg,32768,40960,4.2271590245945845e-06,-1242.4808,3.2793121,-20.267036,-5.797516,-5.3441353,0.41170502,25.870338,8.237251,-26.787857,-11.170265,9.145943,3.8581047,12.438667
140,241648,241648_f5,files/241648_3250088-hq.ogg,40960,49152,4.724487023821666e-09,-1264.9116,3.0517578e-05,-6.866455e-05,3.0517578e-05,-8.010864e-05,6.866455e-05,-3.0517578e-05,-6.866455e-05,-4.9591064e-05,-1.9073486e-05,-2.2888184e-05,-1.9073486e-05,-4.196167e-05
141,339946,339946_f0,files/339946_4316474-hq.ogg,0,8192,0.011429499834775925,-1012.2941,262.89487,117.953125,68.37004,52.400032,17.197693,-0.4978485,-1.3246994,-3.8103828,-1.973793,0.29427338,1.048748,5.0518913
142,339946,339946_f1,files/339946_4316474-hq.ogg,8192,16384,0.01328286249190569,-1039.0045,254.71353,142.5871,84.7016,58.177773,21.512154,-0.22880554,4.164467,7.071331,4.581852,8.282745,9.668423,3.3738937
143,339946,339946_f2,files/339946_4316474-hq.ogg,16384,24576,0.012339749373495579,-1014.91583,258.73022,107.80206,60.03554,65.39037,41.782417,16.424576,10.882061,3.091137,-4.2708893,-2.3016357,-1.718998,-3.3206558
144,339946,339946_f3,files/339946_4316474-hq.ogg,24576,32768,0.012793862260878086,-1013.4868,266.98752,109.30505,37.69966,46.42478,48.092766,28.841263,18.36781,12.681103,1.4846306,-3.644867,-0.62958145,-1.753849
145,339946,339946_f4,files/339946_4316474-hq.ogg,32768,40960,0.01479282509535551,-1042.3933,248.09186,125.594604,61.03751,55.946053,49.613045,30.562195,21.908306,21.812057,15.002544,3.131752,-4.262066,-5.652977
146,339946,339946_f5,files/339946_4316474-hq.ogg,40960,49152,0.012037142179906368,-1014.40936,261.6997,105.993835,46.739532,55.55854,44.75573,21.72409,14.268444,7.7931633,-2.0717468,-3.6850128,-2.7958832,-5.783455
147,339946,339946_f6,files/339946_4316474-hq.ogg,49152,57344,0.013094835914671421,-1014.35596,264.53516,109.97345,47.3685,57.52186,50.84765,26.089577,15.274807,8.598034,-2.1306381,-4.4873047,-2.2424355,-5.6916275
148,339946,339946_f7,files/339946_4316474-hq.ogg,57344,65536,0.014354651793837547,-1041.2224,247.43127,121.59125,57.46428,55.353477,51.057228,33.214172,25.644543,24.541504,14.691334,1.5633698,-4.330082,-4.828827
149,339946,339946_f8,files/339946_4316474-hq.ogg,65536,73728,0.012138508260250092,-1023.10156,260.6066,110.77716,33.930923,35.76774,39.826485,24.940788,16.310787,14.895824,7.7650414,0.096572876,-1.2177696,-1.586277
150,339946,339946_f9,files/339946_4316474-hq.ogg,73728,81920,0.014167845249176025,-1028.2167,261.72647,123.525635,46.149307,42.710106,47.07528,33.280045,21.87759,18.53326,12.390751,4.966133,1.5682716,-2.3922157
151,339946,339946_f10,files/339946_4316474-hq.ogg,81920,90112,0.014357342384755611,-1040.2267,253.42111,126.86035,47.7079,38.346886,45.673164,38.027763,28.236706,25.483353,20.188503,9.65567,2.186718,-0.9574547
152,339946,339946_f11,files/339946_4316474-hq.ogg,90112,98304,0.011835794895887375,-1031.9755,259.18106,120.58313,33.12303,22.296028,31.44706,25.982697,18.44006,17.635815,13.949955,6.4091873,3.9707985,5.513199
153,339946,339946_f12,files/339946_4316474-hq.ogg,98304,106496,0.015604701824486256,-1044.4474,254.69809,137.7467,54.71797,33.599846,36.342552,32.319977,25.569805,23.540848,21.053234,15.138832,9.361637,3.5138245
154,339946,339946_f13,files/339946_4316474-hq.ogg,106496,114688,0.013911664485931396,-1031.3359,260.0136,123.424194,41.31247,34.71424,43.078407,34.08738,24.282131,23.026627,18.9987,9.796677,3.9460793,1.266079
155,339946,339946_f14,files/339946_4316474-hq.ogg,114688,122880,0.011195918545126915,-1015.59424,265.94174,109.48004,34.71266,41.288734,45.39576,29.005943,19.308071,14.257671,3.5085564,-2.4190063,0.26234818,-0.043491364
156,103342,103342_f0,files/103342_7037-hq.ogg,0,8192,0.019393840804696083,-1128.4309,177.55505,139.64996,98.08119,68.27938,53.689217,47.986443,43.315914,35.991135,26.412212,16.413338,7.82642,2.3118782
157,103342,103342_f1,files/103342_7037-hq.ogg,8192,16384,0.015757033601403236,-1097.2981,221.19751,178.63008,122.14642,67.1663,25.863274,3.336853,-2.7205276,0.7523918,6.259243,8.9806595,7.85828,4.569565
158,103342,103342_f2,files/103342_7037-hq.ogg,16384,24576,0.0101650170981884,-1158.0631,146.28198,132.75336,113.06427,90.58805,68.5852,49.4215,34.204952,22.893158,14.742352,8.847664,4.540066,1.5137062
159,103342,103342_f3,files/103342_7037-hq.ogg,24576,32768,0.007099114824086428,-1061.5591,241.13925,143.7768,68.510254,38.866447,28.451164,16.213821,6.33741,4.224575,4.6701164,3.9209442,4.0097084,4.9101486
160,103342,103342_f4,files/103342_7037-hq.ogg,32768,40960,0.004452773369848728,-1151.6725,154.43973,138.27881,114.30917,86.29267,58.306007,33.91503,15.527493,4.060314,-1.020195,-1.3337402,0.979229,3.8562622
161,103342,103342_f5,files/103342_7037-hq.ogg,40960,49152,0.002631677081808448,-1136.7717,170.30545,140.78381,101.02545,61.342964,30.270317,11.939529,5.537651,6.7806206,10.446514,12.669334,12.033924,9.264198
162,103342,103342_f6,files/103342_7037-hq.ogg,49152,57344,0.001544513157568872,-1150.0385,155.06454,134.45416,104.8732,72.091286,41.872658,18.557785,4.1746902,-1.7050514,-1.3946075,1.933548,5.3480263,6.972946
163,103342,103342_f7,files/103342_7037-hq.ogg,57344,65536,0.0008033682825043797,-1198.6761,92.30151,88.28627,81.897,73.55872,63.812904,53.268326,42.550426,32.24797,22.867634,14.797142,8.282291,3.4183197
164,103342,103342_f8,files/103342_7037-hq.ogg,65536,73728,0.0004339829902164638,-1164.8256,134.94958,116.62262,90.49315,61.83088,35.784615,16.074417,4.2432632,-0.35889053,0.059970856,2.721222,5.237179,6.231827
165,103342,103342_f9,files/103342_7037-hq.ogg,73728,81920,0.00019099831115454435,-1201.9253,87.35437,82.347,74.50726,64.52854,53.261757,41.613945,30.447521,20.487682,12.254833,6.0265427,1.8342323,-0.50886154
166,103342,103342_f10,files/103342_7037-hq.ogg,81920,90112,7.584723789477721e-05,-1199.4562,89.51611,80.86659,68.0255,52.991035,37.929527,24.73639,14.692638,8.287212,5.237835,4.6843567,5.489422,6.557747
167,103342,103342_f11,files/103342_7037-hq.ogg,90112,98304,2.3842050723033026e-05,-1218.795,64.022354,60.536877,55.061447,48.05503,40.085503,31.764633,23.683865,16.353512,10.156963,5.322365,1.9157677,-0.14593887
168,103342,103342_f12,files/103342_7037-hq.ogg,98304,106496,5.914143912377767e-06,-1242.6676,31.296131,30.814571,30.02385,28.94091,27.589363,25.997696,24.199642,22.232239,20.135311,17.950096,15.718349,13.480972
169,103342,103342_f13,files/103342_7037-hq.ogg,106496,114688,1.4776073840039317e-06,-1245.5767,27.08089,26.303707,25.047028,23.36602,21.333992,19.036911,16.569927,14.031078,11.516201,9.11393,6.90131,4.9399796
170,103342,103342_f14,files/103342_7037-hq.ogg,114688,122880,4.2971751668119396e-07,-1255.6099,13.110672,12.979271,12.76236,12.462154,12.08268,11.628174,11.104397,10.517666,9.874996,9.184044,8.453068,7.6906815
171,752904,752904_f0,files/752904_8462944-hq.ogg,0,8192,0.011424628086388111,-1127.1056,139.95615,131.65947,81.28141,53.61539,47.395638,34.87272,30.480556,27.655197,22.01552,17.706707,17.360268,15.67342
172,752904,752904_f1,files/752904_8462944-hq.ogg,8192,16384,0.003920841030776501,-1190.5695,98.6879,83.575516,68.528275,59.19364,54.768944,51.25969,46.47462,41.21022,36.720585,32.707108,28.14246,22.98146
173,752904,752904_f2,files/752904_8462944-hq.ogg,16384,24576,0.001282416982576251,-1193.7466,91.73303,72.2104,55.78273,48.868813,47.235573,44.53585,39.83398,35.788757,33.136417,30.076912,25.853107,22.025093
174,752904,752904_f3,files/752904_8462944-hq.ogg,24576,32768,0.0014644735492765903,-741.36194,111.89193,76.43824,33.76441,11.899094,6.5702877,-4.229004,-11.297602,-9.344116,-10.032234,-7.76346,-1.4894276,-1.9807396
175,752904,752904_f4,files/752904_8462944-hq.ogg,32768,40960,0.008731890469789505,-754.5428,156.16718,96.91437,47.682472,23.810642,14.931377,10.890932,17.557251,13.81048,3.0515976,-11.026604,-9.696459,-1.833992
176,752904,752904_f5,files/752904_8462944-hq.ogg,40960,49152,0.005475233308970928,-1131.5078,44.60892,106.76372,85.16724,58.92079,55.383293,53.42358,46.459457,37.10093,32.426487,27.828133,26.178478,22.637127
177,752904,752904_f6,files/752904_8462944-hq.ogg,49152,57344,0.0018559229793027043,-1194.006,93.016754,76.59694,61.289356,52.394417,48.015343,44.620964,41.190655,37.930923,34.401684,30.512566,27.30283,25.096684
178,752904,752904_f7,files/752904_8462944-hq.ogg,57344,65536,0.01772552728652954,-1017.5605,236.68576,94.04904,52.129753,43.237755,34.537605,27.780296,24.001442,13.009281,17.842693,15.91098,9.667156,11.046455
179,752904,752904_f8,files/752904_8462944-hq.ogg,65536,73728,0.018179738894104958,-857.1027,180.77568,98.44505,38.523994,20.619526,25.556131,24.946201,19.18233,13.786247,16.570393,9.060566,10.134331,12.596485
180,752904,752904_f9,files/752904_8462944-hq.ogg,73728,81920,0.013427737168967724,-944.3402,224.05548,77.14662,57.224407,28.758587,22.819244,14.570152,18.594545,20.131462,20.971035,9.712574,2.5429382,2.133049
181,752904,752904_f10,files/752904_8462944-hq.ogg,81920,90112,0.0032676744740456343,-673.087,125.73153,66.03356,24.31907,8.592535,-1.1963902,-6.5166855,-6.322815,-3.2056313,-1.5301647,-2.8247185,-2.5925179,-0.45265388
182,752904,752904_f11,files/752904_8462944-hq.ogg,90112,98304,0.012875613756477833,-746.7399,173.29208,86.646515,35.36991,12.434727,20.91514,15.100765,12.3598,12.347445,7.4302006,-0.075647354,4.882221,4.118473
183,752904,752904_f12,files/752904_8462944-hq.ogg,98304,106496,0.013267961330711842,-1173.8126,123.58181,109.63043,91.351974,73.351326,58.481773,47.356194,39.203594,33.018936,28.142262,24.210869,20.967533,18.253662
184,752904,752904_f13,files/752904_8462944-hq.ogg,106496,114688,0.004254205152392387,-1186.799,102.45184,85.44502,71.444214,63.419456,55.903267,46.46737,39.34306,37.313766,36.56812,32.475266,26.112782,21.574966
185,424343,424343_f0,files/424343_8223515-hq.ogg,0,8192,0.007258374243974686,-766.96747,229.90681,15.127491,48.14523,6.1075096,13.862041,6.125416,12.236023,5.481411,4.8536224,-0.23804474,-1.8852196,-6.7544384
186,424343,424343_f1,files/424343_8223515-hq.ogg,8192,16384,0.0013762284070253372,-1046.2635,168.24713,39.34219,60.759647,42.217613,26.706024,30.010666,19.802387,16.55595,11.301243,11.668404,8.580128,1.531044
187,424343,424343_f2,files/424343_8223515-hq.ogg,16384,24576,5.056732697994448e-05,-1230.5714,47.922504,46.03564,43.0175,39.04638,34.351143,29.191452,23.838085,18.551311,13.56245,9.058418,5.1715813,1.9748116
188,41114,41114_f0,files/41114_27322-hq.ogg,0,8192,0.015906885266304016,-1068.3236,227.30014,124.429565,53.40016,36.659676,37.401985,29.124771,19.261425,16.853588,16.244083,12.958977,10.502491,10.084084
189,750917,750917_f0,files/750917_16155788-hq.ogg,0,8192,0.0096097681671381,-505.7752,52.637756,-30.057745,53.578514,-19.244198,45.21241,-21.436558,29.80199,-16.47558,20.299675,-8.612148,16.614002,-3.3891678
190,750917,750917_f1,files/750917_16155788-hq.ogg,8192,16384,0.01039557158946991,-506.20685,50.26293,-28.46812,55.334843,-19.983313,45.402527,-14.896824,35.3283,-10.835236,26.417671,-4.772602,17.07972,-3.8403301
191,750917,750917_f2,files/750917_16155788-hq.ogg,16384,24576,0.01057252287864685,-505.57275,52.821846,-36.62872,50.359665,-24.4156,40.69685,-20.115269,30.17775,-15.689428,22.515823,-8.602522,12.801914,-5.36668
192,750917,750917_f3,files/750917_16155788-hq.ogg,24576,32768,0.009781423024833202,-507.60425,51.557053,-34.982323,52.164356,-24.273008,43.83915,-18.116909,32.19432,-10.479853,20.022564,-11.639376,14.29483,-4.5299892
193,750917,750917_f4,files/750917_16155788-hq.ogg,32768,40960,0.00956480111926794,-506.12656,56.404945,-28.950232,50.949417,-26.041927,39.97629,-19.273512,30.70463,-12.179878,24.669024,-13.141165,14.781906,-2.958376
194,750917,750917_f5,files/750917_16155788-hq.ogg,40960,49152,0.01041213609278202,-503.60587,57.069847,-22.742134,51.75543,-22.077835,47.347553,-15.505535,33.18514,-11.158018,26.24627,-4.036854,17.012026,-1.8818741
195,750917,750917_f6,files/750917_16155788-hq.ogg,49152,57344,0.009809808805584908,-504.92227,56.777416,-23.014114,57.932777,-23.073978,41.839317,-18.405703,33.73095,-14.547476,21.67455,-5.941168,17.535042,-1.6831169
196,750917,750917_f7,files/750917_16155788-hq.ogg,57344,65536,0.00015000540588516742,-1161.3561,103.466064,53.982327,22.733276,22.751366,19.27349,3.3059387,12.236332,5.6842995,11.417465,3.8549118,6.8829536,6.490597
197,750917,750917_f8,files/750917_16155788-hq.ogg,65536,73728,8.921709877540707e-07,-1264.9116,3.0517578e-05,-6.866455e-05,3.0517578e-05,-8.010864e-05,6.866455e-05,-3.0517578e-05,-6.866455e-05,-4.9591064e-05,-1.9073486e-05,-2.2888184e-05,-1.9073486e-05,-4.196167e-05
198,750917,750917_f9,files/750917_16155788-hq.ogg,73728,81920,2.0378895442263456e-06,-1264.9116,3.0517578e-05,-6.866455e-05,3.0517578e-05,-8.010864e-05,6.866455e-05,-3.0517578e-05,-6.866455e-05,-4.9591064e-05,-1.9073486e-05,-2.2888184e-05,-1.9073486e-05,-4.196167e-05
199,352760,352760_f0,files/352760_5758266-hq.ogg,0,8192,0.0007251713541336358,-1065.179,236.8714,140.77118,52.90634,-1.3475685,-14.564697,-6.384163,-0.75821686,2.7894554,3.04105,-0.7359772,-0.28019333,0.45010757
200,352760,352760_f1,files/352760_5758266-hq.ogg,8192,16384,0.000613013980910182,-1063.0754,230.23645,128.09381,51.787735,2.1436424,-16.569443,-7.258339,0.0030593872,0.34064865,0.24554825,-3.1351395,-1.991581,3.1719017
201,352760,352760_f2,files/352760_5758266-hq.ogg,16384,24576,0.0007338475552387536,-1059.0963,228.4914,125.27338,54.612366,1.3614922,-15.517715,-3.0700684,3.1463852,4.999317,2.089222,-2.561386,-0.1689415,-1.3007927
202,352760,352760_f3,files/352760_5758266-hq.ogg,24576,32768,0.0006503103068098426,-1068.5245,228.34412,133.51215,54.808838,-0.046344757,-17.77884,-4.252388,4.392372,1.4574852,-2.2083511,-5.567482,-4.5097656,0.16934586
203,352760,352760_f4,files/352760_5758266-hq.ogg,32768,40960,0.0007064696401357651,-1058.1007,236.46878,129.67798,46.994843,-4.6686897,-20.731705,-7.299202,0.21535492,-1.64011,1.5102425,0.6495285,-3.4930649,-2.3063622
204,352760,352760_f5,files/352760_5758266-hq.ogg,40960,49152,0.0007134443148970604,-1067.0613,230.56616,134.07776,56.60437,5.3804283,-17.370255,-8.822929,2.7995987,1.3342705,-0.13751602,-0.070640564,-3.1551971,-2.308834
205,352760,352760_f6,files/352760_5758266-hq.ogg,49152,57344,0.0006231639417819679,-1073.7545,228.84927,138.2757,53.241257,-1.2509193,-18.10521,-6.4300613,4.574974,1.7961082,-0.7403488,2.0214615,1.5914421,-1.6018333
206,352760,352760_f7,files/352760_5758266-hq.ogg,57344,65536,0.0006680708029307425,-1064.2295,227.09332,125.639465,49.095978,-4.592869,-19.139633,-3.8382492,0.93886566,1.8550377,5.308628,-1.9431686,-6.4820747,-1.9302292
207,352760,352760_f8,files/352760_5758266-hq.ogg,65536,73728,0.0007600695244036615,-1057.276,231.56033,130.21716,59.03221,0.4505272,-18.49324,-3.811943,1.39814,2.7538414,2.1938057,-2.63871,0.053901672,1.7577248
208,53371,53371_f0,files/53371_547769-hq.ogg,0,8192,0.007090072613209486,-730.78265,224.24791,-34.189384,-4.3172073,6.375656,25.460785,-7.3203583,-22.020329,-17.591408,-6.0672607,-22.10538,-40.486446,-38.29859
209,53371,53371_f1,files/53371_547769-hq.ogg,8192,16384,0.008013083599507809,-736.0892,218.92241,-33.68555,-14.594135,3.0901604,29.617718,1.7402954,-13.105148,-14.703598,-5.5637093,-20.86615,-37.196274,-34.452164
210,53371,53371_f2,files/53371_547769-hq.ogg,16384,24576,0.007379494607448578,-722.9902,224.27437,-44.596283,-10.483196,5.2206345,22.763245,-9.789175,-26.218018,-16.832418,-2.8992538,-16.255335,-35.380737,-34.3437
211,53371,53371_f3,files/53371_547769-hq.ogg,24576,32768,0.006596855353564024,-713.2951,210.10812,-37.53491,-12.9050255,0.3559494,19.8108,-10.662521,-18.823055,-18.556452,-8.732445,-16.47499,-29.778893,-32.7049
212,53371,53371_f4,files/53371_547769-hq.ogg,32768,40960,0.007383767049759626,-707.0285,229.59944,-34.664898,-6.3732605,10.206306,24.242285,-9.8841,-24.950653,-16.612713,2.4166412,-5.353258,-26.36266,-31.088217
213,53371,53371_f5,files/53371_547769-hq.ogg,40960,49152,0.007584720849990845,-717.7215,236.76918,-32.778793,-9.392078,5.470642,18.611076,-11.300341,-19.211231,-9.509705,7.9657307,-1.75634,-23.466377,-36.25743
214,53371,53371_f6,files/53371_547769-hq.ogg,49152,57344,0.006610778626054525,-725.7103,220.6918,-35.270126,-10.9688225,7.9751396,26.442108,-4.9162216,-17.964424,-13.398352,4.4263496,-4.1780815,-25.766155,-34.87171
215,53371,53371_f7,files/53371_547769-hq.ogg,57344,65536,0.007271415553987026,-717.5162,224.81007,-39.286263,-13.905716,6.7829094,24.364605,-10.172037,-18.61343,-10.308258,7.0559883,-14.339098,-37.081066,-36.4631
216,53371,53371_f8,files/53371_547769-hq.ogg,65536,73728,0.005607257597148418,-731.9466,226.88977,-42.32662,-22.486061,-4.1046906,31.761414,6.074955,-6.5391273,-6.0189133,4.3999176,-13.249123,-33.423046,-33.616913
217,53371,53371_f9,files/53371_547769-hq.ogg,73728,81920,0.007443399168550968,-807.2573,251.81642,-26.051506,-16.011204,-1.3297272,39.518124,25.29375,0.6393547,-6.4599686,-7.2530403,-21.942986,-40.090218,-37.37252
218,53371,53371_f10,files/53371_547769-hq.ogg,81920,90112,0.010589243844151497,-905.3566,274.6085,15.194405,-8.960739,6.9958153,45.165115,35.833244,-3.8947372,-16.79802,-18.385918,-21.418617,-40.801426,-44.473663
219,53371,53371_f11,files/53371_547769-hq.ogg,90112,98304,0.009388480335474014,-989.95917,277.46585,72.978775,-19.094452,19.549648,56.949257,27.191422,-17.024849,-25.717789,-16.555496,-22.02938,-38.326283,-38.642418
220,53371,53371_f12,files/53371_547769-hq.ogg,98304,106496,0.0035279314033687115,-1063.8507,224.1549,101.587036,20.41922,13.95808,30.78643,20.798737,-7.600807,-22.311295,-21.038864,-24.431957,-35.257168,-33.717674
221,53371,53371_f13,files/53371_547769-hq.ogg,106496,114688,0.000701665529049933,-1138.8885,155.84448,103.081726,50.456802,19.744503,10.842155,9.5082245,3.4711075,-9.555565,-24.756042,-35.66415,-36.840153,-26.05567
222,440395,440395_f0,files/440395_8698658-hq.ogg,0,8192,0.0036075576208531857,-722.02155,198.93573,-22.59253,20.334354,-27.99393,-12.361149,-10.095642,-3.9692726,-19.213135,4.091938,21.982658,10.693842,-1.6101723
223,440395,440395_f1,files/440395_8698658-hq.ogg,8192,16384,0.004947557579725981,-720.7403,216.3182,-9.814491,17.70626,-20.523125,-2.9579391,-14.2343445,-9.046062,-25.27522,-10.379223,6.187626,11.203575,-0.28385544
224,440395,440395_f2,files/440395_8698658-hq.ogg,16384,24576,0.004524916876107454,-711.0161,194.73376,-39.93992,5.8010178,-47.333435,-16.179886,-14.064293,-13.847942,-37.415394,-19.396927,5.882881,9.647821,-1.8768921
225,440395,440395_f3,files/440395_8698658-hq.ogg,24576,32768,0.003819206962361932,-740.2085,212.43282,-52.58099,-0.55516434,-51.364372,-28.097881,-25.766506,-13.720898,-24.636223,-6.7365646,4.3976135,6.153393,-3.5294495
226,440395,440395_f4,files/440395_8698658-hq.ogg,32768,40960,0.0015016006072983146,-859.77655,236.13882,-61.193638,-17.347687,-27.243015,-17.72435,-4.4365234,-7.795845,-10.197975,-5.771454,8.776329,11.839481,3.6510468
227,440395,440395_f5,files/440395_8698658-hq.ogg,40960,49152,0.0014088295865803957,-777.5634,214.94055,-85.942535,1.0502167,-23.451908,-3.6066399,-10.045506,-4.8563995,-7.753868,6.061264,-11.668394,-11.369961,13.143929
228,440395,440395_f6,files/440395_8698658-hq.ogg,49152,57344,0.001162911532446742,-850.54236,245.90082,-57.36182,-21.394337,-35.796604,-20.494583,-14.472755,-10.266411,-1.3143959,-12.13575,5.6589966,4.7509155,-9.484024
229,440395,440395_f7,files/440395_8698658-hq.ogg,57344,65536,0.007382312323898077,-545.3237,121.106705,-74.631744,56.093872,-59.28531,31.030384,-25.43537,16.156454,-22.18851,14.132397,-5.0420723,6.4544754,-8.3909
230,440395,440395_f8,files/440395_8698658-hq.ogg,65536,73728,0.00695465411990881,-578.7237,161.04492,-81.86304,71.65303,-47.305916,21.939709,-18.81413,-3.134575,-15.321533,4.3747673,-5.3900795,4.797516,2.6439934
231,440395,440395_f9,files/440395_8698658-hq.ogg,73728,81920,0.006458193529397249,-609.34985,172.58972,-91.224335,67.139145,-28.2738,24.07534,-2.4747963,2.116726,0.77438736,6.0016823,-9.901798,5.3935814,-8.37462
232,440395,440395_f10,files/440395_8698658-hq.ogg,81920,90112,0.009260781109333038,-628.6159,192.70023,-74.94583,25.272636,-25.123829,13.619724,-7.5558224,8.96356,-7.2507896,3.6876068,5.6658096,0.5731621,7.8041763
233,440395,440395_f11,files/440395_8698658-hq.ogg,90112,98304,0.007891401648521423,-581.57947,163.78448,-55.44781,19.48907,-17.12003,-3.6459427,-15.075214,-5.7623863,-8.844038,-1.1972065,2.838314,9.020601,1.1476173
234,440395,440395_f12,files/440395_8698658-hq.ogg,98304,106496,0.007020927499979734,-617.82227,171.27159,-55.189037,25.875645,-24.701813,-16.050476,-23.043352,-3.330967,-13.40617,-5.048805,18.721333,6.190628,-4.392
235,440395,440395_f13,files/440395_8698658-hq.ogg,106496,114688,0.004442714620381594,-632.07245,148.44693,-70.05635,34.140026,-5.1286583,2.1745415,-17.33695,-0.2983513,-7.090269,-0.3598709,4.3308067,13.333061,-1.55719
236,440395,440395_f14,files/440395_8698658-hq.ogg,114688,122880,0.007211126387119293,-626.0562,188.94856,-48.14772,-12.224617,-19.630453,17.081602,6.1401787,9.231241,-5.009506,-3.7418404,-6.040045,10.644966,-5.549488
237,441529,441529_f0,files/441529_8698658-hq.ogg,0,8192,0.0032164223957806826,-584.67395,75.04331,1.7751484,13.083511,7.8203373,7.5663815,15.290167,19.48598,10.865414,13.787971,14.405273,8.412465,-3.9205456
238,441529,441529_f1,files/441529_8698658-hq.ogg,8192,16384,0.0025356782134622335,-616.109,60.935257,8.741066,9.853031,2.1369762,4.5699615,-2.0913372,11.387791,13.135111,1.082674,5.986374,-0.14682007,-0.4018402
239,441529,441529_f2,files/441529_8698658-hq.ogg,16384,24576,0.006084118038415909,-540.80817,60.80018,7.129925,7.166836,13.417448,5.1216774,1.085455,5.9522552,5.7199097,9.6207,5.694845,-6.515047,-2.0942192
240,441529,441529_f3,files/441529_8698658-hq.ogg,24576,32768,0.00445129256695509,-613.97266,76.92809,18.526966,32.738277,-17.765461,21.15704,-24.127176,-4.45689,16.220484,15.246968,-21.11259,-9.718185,19.630104
241,441529,441529_f4,files/441529_8698658-hq.ogg,32768,40960,0.005223879124969244,-594.14606,19.097902,-34.199707,-16.295877,11.418003,-6.6501827,-23.160343,-42.53806,-21.210678,5.7979107,6.1599064,2.076746,4.2093296
242,441529,441529_f5,files/441529_8698658-hq.ogg,40960,49152,0.006082114763557911,-565.40594,16.17737,-10.196997,-4.76581,17.969908,-2.6203804,-1.1856785,5.3779774,5.7407246,9.656955,13.181484,14.952685,10.409246
243,441529,441529_f6,files/441529_8698658-hq.ogg,49152,57344,0.011175532825291157,-611.0226,67.30652,45.610416,19.679321,36.8005,27.893482,-4.6254253,5.29175,0.5012169,25.16856,17.880344,3.0562649,7.316906
244,441529,441529_f7,files/441529_8698658-hq.ogg,57344,65536,0.01042165793478489,-617.95953,116.64948,30.4088,18.4773,30.012814,15.333626,8.781912,2.5401096,8.242233,8.022404,7.9805965,8.122905,3.1158218
245,441529,441529_f8,files/441529_8698658-hq.ogg,65536,73728,0.00585186155512929,-566.83984,39.45589,16.60833,5.3676643,22.816074,-1.2163734,-4.702962,3.5375462,1.2158337,3.946247,3.9980164,3.3976097,2.7929745
246,441529,441529_f9,files/441529_8698658-hq.ogg,73728,81920,0.0018572747940197587,-675.3367,96.38454,-7.4714622,17.732292,20.63846,6.1837196,-9.771427,-16.382303,-5.634512,10.865063,14.602457,4.4140472,-2.687212
247,441529,441529_f10,files/441529_8698658-hq.ogg,81920,90112,0.001252424786798656,-762.38947,146.4329,-19.00964,15.458466,30.190392,17.522764,-23.472717,-20.973335,-4.0547485,0.5156555,2.3224907,5.1643944,10.680073
248,441529,441529_f11,files/441529_8698658-hq.ogg,90112,98304,0.0002476822992321104,-941.90173,167.2961,-9.567356,18.580582,28.951775,13.743408,-7.378769,-10.551868,4.57983,1.234272,-2.3698921,0.897377,6.2546844
249,441529,441529_f12,files/441529_8698658-hq.ogg,98304,106496,4.0406619518762454e-05,-1090.4783,160.24612,26.836422,0.053512573,30.039421,18.850365,-10.049446,-7.5760727,4.3652306,3.2486305,2.8775635,4.5945435,5.063839
250,441529,441529_f13,files/441529_8698658-hq.ogg,106496,114688,6.798547019570833e-06,-1173.8577,99.31236,44.31805,12.534256,12.052212,15.857338,5.7297745,-1.7495651,2.3195457,5.6969337,1.4651489,-4.017029,1.2283592
251,431944,431944_f0,files/431944_8698658-hq.ogg,0,8192,0.0031223746482282877,-796.9528,201.34999,7.636345,-11.719139,2.0948944,28.687916,-13.447739,4.891098,4.8931465,13.8300495,-4.39402,-23.42928,2.1759987
252,431944,431944_f1,files/431944_8698658-hq.ogg,8192,16384,0.013566358014941216,-652.87384,211.61055,18.365349,-4.41201,27.235836,34.200066,-3.075922,10.375021,2.5043373,11.210661,-19.128017,-2.3209114,13.982365
253,431944,431944_f2,files/431944_8698658-hq.ogg,16384,24576,0.013897807337343693,-674.0583,225.68542,17.032013,-5.6653786,29.999657,32.873993,-0.047496796,6.7231655,-2.8115902,14.93886,-8.381687,-9.315615,12.939335
254,431944,431944_f3,files/431944_8698658-hq.ogg,24576,32768,0.01074234675616026,-657.63916,217.23532,7.427704,-4.998043,9.500286,22.7196,-7.935438,3.351986,-3.3696365,11.411375,-18.572857,-8.606632,11.538572
255,431944,431944_f4,files/431944_8698658-hq.ogg,32768,40960,0.00901524443179369,-572.2556,168.12883,-26.008142,36.77717,-3.9232101,6.334715,1.2333508,-3.8730087,-2.3063889,4.2982903,-14.728648,4.4848022,-5.2329025
256,431944,431944_f5,files/431944_8698658-hq.ogg,40960,49152,0.004873230587691069,-599.14716,134.55092,-49.60737,42.804974,-17.148214,2.287056,2.712635,5.613552,-1.3410721,-1.6439056,-12.147306,8.069965,-2.0861912
257,431944,431944_f6,files/431944_8698658-hq.ogg,49152,57344,0.006719070486724377,-580.1622,153.52934,-48.16185,42.25477,-23.162733,-5.20385,-4.5955696,7.995985,-12.216354,-4.1358337,-10.246223,1.7811985,-6.896591
258,431944,431944_f7,files/431944_8698658-hq.ogg,57344,65536,0.0022745372261852026,-721.1977,160.04465,-28.249352,53.14415,-10.857937,5.721775,7.691227,13.152863,-9.612555,0.7676697,-7.012142,5.0927505,0.632782
259,431944,431944_f8,files/431944_8698658-hq.ogg,65536,73728,0.0012409487972036004,-709.9514,135.39235,-37.95233,56.063747,-17.490398,-2.5178566,1.5310287,2.1887894,-4.0265274,0.71055603,-11.443401,8.62471,-4.195215
260,431944,431944_f9,files/431944_8698658-hq.ogg,73728,81920,0.0005926223238930106,-788.47064,146.13768,-43.625748,43.92138,-12.975395,7.922985,1.5061836,12.422035,-2.348259,0.5354767,-9.628117,2.643303,-0.9071045
261,431944,431944_f10,files/431944_8698658-hq.ogg,81920,90112,2.016725738940295e-05,-1091.0015,134.91724,14.298607,22.925278,13.115551,-8.053749,8.315521,6.0497513,-3.7214699,-1.1886749,-1.3190994,1.1820374,0.27338028
262,431944,431944_f11,files/431944_8698658-hq.ogg,90112,98304,7.174947995736147e-07,-1253.3389,15.470535,12.987144,9.464081,5.620678,2.1328354,-0.55189514,-2.3020554,-3.274311,-3.7860718,-4.148514,-4.5269127,-4.882843
263,431231,431231_f0,files/431231_8698658-hq.ogg,0,8192,0.00989614799618721,-623.98517,164.80957,-65.73231,-3.8640385,18.972036,29.552673,7.823656,-13.664095,13.430021,17.42173,23.880074,-7.7819195,5.2758503
264,431231,431231_f1,files/431231_8698658-hq.ogg,8192,16384,0.008872265927493572,-635.4209,143.44075,-63.112984,7.546459,25.897366,43.489662,12.899784,-24.456142,7.0348644,27.115257,12.665419,-15.100267,-4.8901443
265,431231,431231_f2,files/431231_8698658-hq.ogg,16384,24576,0.010242070071399212,-617.40375,144.5849,-66.37376,10.303814,22.369093,39.041428,7.846245,-25.23256,19.10472,17.889008,14.220619,-10.631983,-2.7227821
266,431231,431231_f3,files/431231_8698658-hq.ogg,24576,32768,0.0117962546646595,-600.0242,202.64459,-35.480186,10.9213295,12.244925,13.552465,12.242685,-11.706995,4.914028,-2.1147308,15.013731,7.3153973,-3.0364513
267,431231,431231_f4,files/431231_8698658-hq.ogg,32768,40960,0.009143027476966381,-598.17883,179.41528,-53.50917,11.150764,22.781534,18.633087,-9.128605,-15.096796,14.467857,-9.561953,4.8099136,3.2779388,5.492279
268,431231,431231_f5,files/431231_8698658-hq.ogg,40960,49152,0.003285573562607169,-754.9706,194.17947,-46.656277,7.8803635,9.815987,2.1510391,-10.342184,-17.734428,7.7842865,-6.494217,0.6315422,2.614769,-0.1402626
269,431231,431231_f6,files/431231_8698658-hq.ogg,49152,57344,0.0004952029557898641,-857.4856,206.20976,-47.05775,-3.3375092,11.999706,-3.2581024,-2.3861084,-26.287354,0.9267044,-9.561737,5.543724,-3.3096504,-9.434807
270,431231,431231_f7,files/431231_8698658-hq.ogg,57344,65536,0.0002590420190244913,-917.1912,207.98248,-36.60079,-1.2003899,5.8420296,-9.805443,-5.146755,-23.19035,-1.4431229,-15.230156,4.413414,4.7297096,-9.513498
271,431231,431231_f8,files/431231_8698658-hq.ogg,65536,73728,0.0001405397488269955,-971.563,199.3248,-24.691803,-1.3208923,7.473179,-5.487358,-10.308113,-21.27887,-9.33395,-9.342781,1.8985863,5.8542824,-8.9232025
272,431231,431231_f9,files/431231_8698658-hq.ogg,73728,81920,6.103150735725649e-05,-1040.7852,180.12924,3.3925095,-12.866074,4.415554,-8.778114,-15.739418,-12.372322,-9.286537,-6.4377136,2.0296783,-1.8677597,-9.932457
273,431284,431284_f0,files/431284_8698658-hq.ogg,0,8192,0.00040524755604565144,-801.0025,98.74073,-33.53156,14.516567,-13.172192,2.4727058,-6.355215,1.2438889,-7.0330486,2.0099602,-5.9929276,-2.8665543,-5.072605
274,431284,431284_f1,files/431284_8698658-hq.ogg,8192,16384,0.0024682143703103065,-617.90466,98.10683,-51.428818,3.1228294,-11.414843,1.4390526,-6.7626686,-1.8034248,-9.02792,1.1719093,-5.341751,-3.5155277,-4.1112556
275,431284,431284_f2,files/431284_8698658-hq.ogg,16384,24576,0.002618592232465744,-606.0993,80.96515,-33.966606,4.202694,-15.782604,-1.3158379,-7.1667843,6.482712,-1.1864777,3.4218292,-1.9284706,3.7775192,1.6147995
276,431284,431284_f3,files/431284_8698658-hq.ogg,24576,32768,0.003356250934302807,-588.1675,80.61323,-36.20397,7.671089,-10.035273,-5.135391,-6.618891,1.334032,-5.473322,-3.4968052,-5.732359,-0.77401733,-3.8031273
277,431284,431284_f4,files/431284_8698658-hq.ogg,32768,40960,0.0037495451979339123,-570.4324,74.69368,-28.132679,8.250988,-6.503498,-5.8832836,7.5270386,2.5979805,-3.651184,3.7589264,1.6296387,-2.8381958,-3.2485561
278,431284,431284_f5,files/431284_8698658-hq.ogg,40960,49152,0.005053800996392965,-546.41455,68.73545,-30.740677,1.7390022,-1.2692623,-4.499033,1.1825314,2.509838,-1.0866737,3.0943108,0.32605362,5.446888,1.9206944
279,431284,431284_f6,files/431284_8698658-hq.ogg,49152,57344,0.006387564353644848,-527.8009,66.84542,-30.912003,-6.109209,1.829998,-10.175398,-7.043436,-8.232838,2.385006,-6.939663,3.5917606,-4.5422573,-2.0421553
280,431284,431284_f7,files/431284_8698658-hq.ogg,57344,65536,0.007024005986750126,-520.5,65.65367,-26.564798,1.5517883,6.9960213,-5.9996147,-8.294033,-4.059969,-4.267744,-6.2110157,-3.9059067,1.2410088,-1.1830177
281,431284,431284_f8,files/431284_8698658-hq.ogg,65536,73728,0.008973566815257072,-500.40683,63.83421,-23.714153,-7.975525,-4.4306564,2.8485355,-7.7168236,-6.342203,-0.9908371,-3.218237,-10.309765,-3.4857464,-17.044598
282,429083,429083_f0,files/429083_7474451-hq.ogg,0,8192,0.0020233248360455036,-740.81396,105.8067,20.84188,22.178673,-42.211388,-17.037117,-13.580334,6.428314,-16.940714,10.323299,12.236696,-11.977951,-1.1714516
283,429083,429083_f1,files/429083_7474451-hq.ogg,8192,16384,0.014223708771169186,-534.2882,121.914894,10.462847,20.94433,-29.77511,-6.275873,-16.90172,-0.9373207,-15.45195,5.098053,5.0207844,-2.47608,-8.605001
284,429083,429083_f2,files/429083_7474451-hq.ogg,16384,24576,0.018711403012275696,-506.3495,113.1434,20.551659,25.91288,-32.255203,1.1496067,-5.927786,-7.1196194,-17.226921,1.7428474,-0.08850098,1.4996624,-8.330889
285,429083,429083_f3,files/429083_7474451-hq.ogg,24576,32768,0.02010815404355526,-491.3736,120.47901,5.2648735,37.00616,-24.255741,1.532856,-1.1976128,0.17620468,-11.843736,-3.9391136,4.275339,2.8504467,-10.98815
286,429083,429083_f4,files/429083_7474451-hq.ogg,32768,40960,0.018588632345199585,-498.6426,125.6594,5.0291595,24.830278,-16.831661,10.26075,-11.008049,-0.74743843,-7.8003464,-11.461073,-6.520071,0.9185791,-20.919071
287,429083,429083_f5,files/429083_7474451-hq.ogg,40960,49152,0.021685628220438957,-495.9093,127.17133,6.9147854,19.629848,-21.672249,7.3687572,-11.728245,-1.3374043,-13.5843,-5.283783,2.4966068,-1.422121,-15.944581
288,429083,429083_f6,files/429083_7474451-hq.ogg,49152,57344,0.021179983392357826,-494.90942,110.347565,7.335308,19.92542,-29.529358,9.812639,-13.012283,-3.3425884,-2.333475,-1.9550781,6.7508965,-4.6424656,-14.791088
289,429083,429083_f7,files/429083_7474451-hq.ogg,57344,65536,0.019511085003614426,-510.05457,122.629,21.750124,16.961233,-27.487604,22.25144,-13.862793,6.4968605,1.520916,3.715662,9.829409,1.2169724,-6.6643124
290,429083,429083_f8,files/429083_7474451-hq.ogg,65536,73728,0.018320787698030472,-529.35144,135.76897,24.307241,15.502209,-32.25212,16.138313,-17.681139,6.4300365,-11.4818,0.7380829,2.1381397,-7.4222965,-7.5520744
291,429083,429083_f9,files/429083_7474451-hq.ogg,73728,81920,0.01627747341990471,-542.02136,148.1949,14.539276,18.907944,-28.779867,13.6219635,-18.714687,6.3425617,-9.854876,7.281542,2.5401268,-10.207663,-10.135391
292,429083,429083_f10,files/429083_7474451-hq.ogg,81920,90112,0.016433946788311005,-560.2708,156.95316,22.634762,24.988585,-29.584742,13.849432,-12.213291,10.4452915,-11.372124,12.696049,8.079414,-6.669443,-5.244957
293,429083,429083_f11,files/429083_7474451-hq.ogg,90112,98304,0.013989802449941635,-587.19806,158.76091,33.237415,36.9394,-30.305262,11.5619755,-5.737236,12.446959,-14.390949,17.12258,7.8643,-10.647255,-1.0600147
294,429083,429083_f12,files/429083_7474451-hq.ogg,98304,106496,0.01129801943898201,-619.3172,157.61,38.873753,54.372963,-23.36484,0.31479263,-12.685078,10.138172,3.9143562,18.232307,2.692253,-11.178715,3.5285091
295,429083,429083_f13,files/429083_7474451-hq.ogg,106496,114688,0.008108292706310749,-669.6547,148.37158,42.699398,59.79648,-16.181646,-3.9994888,-15.051931,14.326069,11.413059,20.684784,4.889639,-9.662346,13.934219
296,429083,429083_f14,files/429083_7474451-hq.ogg,114688,122880,0.003838998032733798,-720.2102,144.32954,40.322586,50.89556,-6.905821,-11.473331,-16.24717,11.801558,15.798336,26.813103,10.403425,-10.170296,16.071815
297,429083,429083_f15,files/429083_7474451-hq.ogg,122880,131072,0.0020268342923372984,-781.30084,133.4685,49.875435,45.243904,4.7780876,-9.527035,-11.583977,7.8324833,18.227215,27.524607,7.1196213,-8.3271675,5.737961
298,569850,569850_f0,files/569850_9996727-hq.ogg,0,8192,0.0004325520421843976,-1014.4457,215.99988,-0.3277359,-59.867115,-28.62254,-19.220291,-15.800941,-8.385506,-5.4631577,7.8528023,17.311874,6.7634773,-2.247509
299,569850,569850_f1,files/569850_9996727-hq.ogg,8192,16384,0.0034061053302139044,-791.52625,277.49292,-86.424995,-10.458893,-28.759556,-45.91976,5.064148,-3.8061142,-5.743458,6.373749,9.5976715,6.7829056,6.895405
300,569850,569850_f2,files/569850_9996727-hq.ogg,16384,24576,0.0006913378601893783,-912.27747,261.63928,-28.403538,-35.524754,-13.582569,-24.615166,2.9649353,-0.99785614,-10.027931,8.509045,9.851685,-2.06036,-7.283287
301,569850,569850_f3,files/569850_9996727-hq.ogg,24576,32768,0.002737289061769843,-824.3638,285.82605,-66.02088,-26.379978,-17.733173,-33.663765,1.3147736,-7.932335,-11.466934,9.1335335,14.970688,2.0878716,-3.172943
302,569850,569850_f4,files/569850_9996727-hq.ogg,32768,40960,0.004474957007914782,-748.3452,254.6192,-94.30147,-2.055458,-35.6115,-14.966919,5.887848,5.149811,-8.080929,7.710167,16.844566,-1.2057953,-11.011963
303,569850,569850_f5,files/569850_9996727-hq.ogg,40960,49152,0.006123309023678303,-750.04974,282.87897,-99.186226,-10.861557,-37.018597,-35.640434,6.2043304,-6.3863907,-13.993576,2.6424828,17.209282,2.0721054,1.4467125
304,569850,569850_f6,files/569850_9996727-hq.ogg,49152,57344,0.004538209643214941,-782.6962,287.0844,-84.04647,-19.112259,-24.425228,-27.60984,10.461502,-5.1356735,-8.709442,11.640598,13.435791,-2.1991959,-2.2428284
305,569850,569850_f7,files/569850_9996727-hq.ogg,57344,65536,0.0045054261572659016,-783.9498,280.1712,-93.21737,-26.399662,-33.45815,-39.819603,-4.8996506,-15.521645,-13.544693,2.0837631,5.48999,-3.6968575,-4.5055466
306,569850,569850_f8,files/569850_9996727-hq.ogg,65536,73728,0.0030202926136553288,-803.85284,281.28772,-86.198265,-29.726582,-24.715107,-36.308144,3.3565826,-2.4872055,-8.97551,2.343464,13.4902115,0.7286644,-8.646118
307,569850,569850_f9,files/569850_9996727-hq.ogg,73728,81920,0.0024942876771092415,-847.894,271.29236,-76.47889,-43.480244,-20.706692,-30.798576,7.693344,-6.5025253,-11.979881,14.708378,14.299774,-4.3928146,-10.230377
308,569850,569850_f10,files/569850_9996727-hq.ogg,81920,90112,0.0015097290743142366,-850.8243,276.9344,-60.69843,-33.269184,-14.781208,-29.618767,1.2028198,-8.884544,-17.888046,0.5069008,5.678749,-7.382984,-8.594864
309,569850,569850_f11,files/569850_9996727-hq.ogg,90112,98304,0.0003173935110680759,-1001.7415,220.26022,-1.9005203,-44.154926,-11.8770485,-12.52478,-8.283089,-5.580055,-11.569832,3.4649925,13.249039,-0.30675507,-3.4182358
310,569850,569850_f12,files/569850_9996727-hq.ogg,98304,106496,7.278598786797374e-05,-1027.5892,208.15466,5.0367355,-51.606647,-15.987782,-6.175316,-11.049065,-8.034142,-9.514656,-5.7409515,3.295433,1.5297737,-1.260479
311,569850,569850_f13,files/569850_9996727-hq.ogg,106496,114688,2.487886740709655e-05,-1127.2181,133.57614,14.751152,-52.922535,-44.2552,-13.843857,-2.34729,-2.4623947,0.43896103,3.7326775,2.410614,-1.4197044,-4.7514267
312,750915,750915_f0,files/750915_16155788-hq.ogg,0,8192,0.009041311219334602,-710.65125,219.05673,48.367416,20.52451,10.976822,4.8073406,-4.2571144,-1.5958862,-0.20923996,1.3624687,4.8862324,6.780697,7.508463
313,750915,750915_f1,files/750915_16155788-hq.ogg,8192,16384,0.011296708136796951,-711.56915,219.56848,47.374416,24.690666,8.1457405,3.842186,4.00177,5.1207123,4.9267044,6.5223713,8.793545,7.2826004,6.7915344
314,750915,750915_f2,files/750915_16155788-hq.ogg,16384,24576,0.011866133660078049,-708.7126,218.38092,43.628937,17.405796,6.1753464,-1.507061,-1.6289597,-1.1674919,0.778389,1.9010506,5.800728,3.6035671,2.5922508
315,750915,750915_f3,files/750915_16155788-hq.ogg,24576,32768,0.009277086704969406,-711.602,218.01541,42.70803,20.483837,6.294117,1.6622658,1.2503204,0.9065323,3.1087456,2.8186016,0.67237663,5.4133053,6.176237
316,750915,750915_f4,files/750915_16155788-hq.ogg,32768,40960,0.010067721828818321,-709.7536,222.86981,49.198803,18.094826,4.179241,-0.2122345,-1.7770634,0.69418335,3.3389206,4.2496834,2.8391342,4.5106277,7.1807823
317,750915,750915_f5,files/750915_16155788-hq.ogg,40960,49152,0.012591521255671978,-707.0583,224.42976,52.314747,20.797543,7.7204895,5.3186436,4.507759,2.998331,2.8834152,8.439863,8.729187,7.1172047,7.9720516
318,750915,750915_f6,files/750915_16155788-hq.ogg,49152,57344,0.01434413157403469,-708.57184,225.08694,51.697544,24.143398,6.906624,2.2751007,0.38000107,3.5250702,-0.019550323,3.6793804,6.4208145,9.4242935,7.9688377
319,750915,750915_f7,files/750915_16155788-hq.ogg,57344,65536,0.00031731388298794627,-1084.9734,121.165405,34.608818,33.242268,19.997387,19.89901,10.69598,2.1899376,-8.319149,-8.945023,-1.9395599,14.676941,21.360737
320,750915,750915_f8,files/750915_16155788-hq.ogg,65536,73728,0.0,-1264.9116,3.0517578e-05,-6.866455e-05,3.0517578e-05,-8.010864e-05,6.866455e-05,-3.0517578e-05,-6.866455e-05,-4.9591064e-05,-1.9073486e-05,-2.2888184e-05,-1.9073486e-05,-4.196167e-05
321,750915,750915_f9,files/750915_16155788-hq.ogg,73728,81920,0.0,-1264.9116,3.0517578e-05,-6.866455e-05,3.0517578e-05,-8.010864e-05,6.866455e-05,-3.0517578e-05,-6.866455e-05,-4.9591064e-05,-1.9073486e-05,-2.2888184e-05,-1.9073486e-05,-4.196167e-05
322,441348,441348_f0,files/441348_8698658-hq.ogg,0,8192,2.7991483875666745e-05,-1105.2167,90.08305,-20.216473,-32.106506,-9.824619,-9.913265,-6.2206497,-13.899067,-10.921152,-4.0840073,5.95578,6.6245804,11.390091
323,441348,441348_f1,files/441348_8698658-hq.ogg,8192,16384,0.00040824219468049705,-769.009,40.421837,-31.354855,-9.486254,-14.404627,-22.357132,-7.990862,-25.521082,-3.8125858,-28.348095,1.7162304,4.8109417,4.527317
324,441348,441348_f2,files/441348_8698658-hq.ogg,16384,24576,0.001431459910236299,-684.003,81.19233,-37.327415,-2.2678604,-21.118784,-18.068945,-17.636322,-8.947729,1.2133789,4.790121,-2.9186287,-8.911118,-4.5790787
325,441348,441348_f3,files/441348_8698658-hq.ogg,24576,32768,0.012371296063065529,-505.07266,123.83364,-0.40093803,19.846685,13.918596,10.128187,1.4695663,2.6837025,0.9135952,0.89543533,2.6297035,0.20182419,-3.9574966
326,441348,441348_f4,files/441348_8698658-hq.ogg,32768,40960,0.004459665156900883,-630.2771,137.1605,4.0034657,-3.732172,-1.6803951,22.089354,3.850401,18.829046,9.999624,1.0466862,-9.85087,-3.6673832,4.711958
327,441348,441348_f5,files/441348_8698658-hq.ogg,40960,49152,0.0001772931427694857,-972.2113,159.6053,-5.3415756,22.042976,-12.796589,16.311684,8.960236,9.052513,9.1791725,6.3200836,5.5750504,2.1769257,0.9558563
328,431249,431249_f0,files/431249_8698658-hq.ogg,0,8192,0.009741785936057568,-595.7057,116.658585,-51.10237,50.076965,28.697126,-8.0241585,19.101349,38.59822,1.7593784,-7.361912,11.931177,7.0609493,19.482924
329,431249,431249_f1,files/431249_8698658-hq.ogg,8192,16384,0.012214154936373234,-577.38684,81.45851,-39.793793,57.34725,35.21447,-22.056105,12.090008,36.01905,-15.468617,-9.341219,21.445723,-0.33115005,3.6286411
330,431249,431249_f2,files/431249_8698658-hq.ogg,16384,24576,0.013131407089531422,-540.7051,81.923454,-59.868965,47.879528,26.613544,-7.450876,-7.7668133,19.786991,-9.660368,1.5876923,1.3501472,0.72546387,5.9521065
331,431249,431249_f3,files/431249_8698658-hq.ogg,24576,32768,0.014092259109020233,-523.39417,139.4113,-38.893417,42.153175,5.9923306,0.157341,-10.522188,13.376558,-1.7222824,-14.326763,-14.750924,14.037199,5.3379726
332,431249,431249_f4,files/431249_8698658-hq.ogg,32768,40960,0.011988275684416294,-542.0103,133.44238,-49.04112,52.49376,-6.0833836,-18.385883,12.663946,1.632227,-10.0838375,-2.3695679,-12.767217,2.2313805,7.2221317
333,431249,431249_f5,files/431249_8698658-hq.ogg,40960,49152,0.005359085742384195,-643.42194,129.18913,-50.00406,33.6198,-16.1445,-17.092022,2.1794739,-1.6342926,-7.441717,-6.211918,-18.261684,9.892523,-3.5798893
334,431249,431249_f6,files/431249_8698658-hq.ogg,49152,57344,0.0007366645731963217,-796.56995,170.5057,-98.007904,34.026386,-26.148762,-33.20107,-12.014931,-10.339188,-18.789278,-17.714436,-25.514751,-4.59515,-5.733486
335,431249,431249_f7,files/431249_8698658-hq.ogg,57344,65536,0.0004119176883250475,-855.2157,177.32614,-92.15535,27.986004,-26.194996,-34.437492,-8.106834,-10.7575,-9.643986,-20.248474,-22.922012,-1.2807274,-4.864643
336,431249,431249_f8,files/431249_8698658-hq.ogg,65536,73728,0.00016528699779883027,-927.2082,174.50146,-72.55787,18.89447,-19.70071,-44.602318,-2.2728882,-11.605751,-3.0877724,-17.387169,-24.991467,-1.9274178,-10.124588
337,431249,431249_f9,files/431249_8698658-hq.ogg,73728,81920,6.602887151530012e-05,-997.465,161.88788,-49.8364,-6.2575073,-17.631535,-41.596565,-4.9103775,-8.860374,-13.783852,-19.060097,-24.924526,-3.720169,-4.794243
338,431249,431249_f10,files/431249_8698658-hq.ogg,81920,90112,2.502751158317551e-05,-1071.4473,139.74988,-21.458931,-20.033543,-15.461643,-38.6016,-14.28289,1.2782822,-16.219246,-25.24173,-21.130287,-14.237438,-13.335785
339,431249,431249_f11,files/431249_8698658-hq.ogg,90112,98304,6.4949022089422215e-06,-1143.4176,104.39752,-0.050239563,-28.630772,-19.855732,-24.488686,-19.721031,-7.5220566,-15.405922,-24.849243,-14.465179,-5.38369,-9.511589
340,431249,431249_f12,files/431249_8698658-hq.ogg,98304,106496,1.2499541526267421e-06,-1218.1055,51.282215,17.844048,-10.925262,-20.638866,-15.317001,-8.441078,-7.97213,-11.410683,-12.799973,-10.609131,-7.771145,-6.537903
341,627753,627753_f0,files/627753_13140709-hq.ogg,0,8192,0.0008551583159714937,-788.3159,181.48315,-39.483074,87.86522,-21.905605,24.39505,9.156563,3.3399506,8.467579,5.110737,2.4421082,3.7971916,2.6346054
342,627753,627753_f1,files/627753_13140709-hq.ogg,8192,16384,0.0013365737395361066,-829.55383,178.19388,-35.888264,84.10075,-18.34309,21.711494,12.293983,-0.12419891,10.765263,3.030056,4.2614403,1.6791878,3.7751923
343,627753,627753_f2,files/627753_13140709-hq.ogg,16384,24576,0.001217149430885911,-774.57916,182.62802,-41.615833,87.89617,-22.376404,25.949493,7.51445,3.0299988,6.9887733,5.2775574,1.6560669,4.088211,2.4559097
344,627753,627753_f3,files/627753_13140709-hq.ogg,24576,32768,0.0013284533051773906,-806.168,184.3952,-41.767033,86.7829,-17.686604,21.644066,12.487099,2.104332,10.494823,4.0931816,3.4995384,2.7462502,5.0855217
345,627753,627753_f4,files/627753_13140709-hq.ogg,32768,40960,0.0017473908374086022,-784.2333,181.7019,-40.640373,87.93176,-22.685093,24.860283,8.486145,2.8450623,7.5891457,5.655388,2.5664978,3.64925,2.6911812
346,627753,627753_f5,files/627753_13140709-hq.ogg,40960,49152,0.0013081984361633658,-761.33075,184.21829,-41.06381,89.510506,-23.384598,27.761894,7.7529297,4.848152,7.4346733,6.4940567,1.5907974,6.05151,1.5473061
347,627753,627753_f6,files/627753_13140709-hq.ogg,49152,57344,0.0019822444301098585,-805.2868,180.9791,-38.98129,87.39447,-19.618465,24.039223,10.765617,2.3697968,10.695812,4.1131973,3.3675842,3.2979317,3.5383377
348,627753,627753_f7,files/627753_13140709-hq.ogg,57344,65536,0.0016478293109685183,-760.61646,179.41391,-36.944298,86.34454,-18.784256,25.067833,10.177116,3.6208916,8.6455765,5.1921387,1.0838661,5.2588425,1.1750946
349,627753,627753_f8,files/627753_13140709-hq.ogg,65536,73728,0.0014737576711922884,-824.2517,228.64261,-60.583515,67.5562,22.16755,-3.5956573,14.478828,6.8019333,9.19244,-2.4075165,8.676659,3.1958237,-0.8472519
350,627753,627753_f9,files/627753_13140709-hq.ogg,73728,81920,0.0019341126317158341,-838.20374,251.25815,-66.12687,40.125076,39.69729,-8.906403,14.141968,6.067047,4.301464,3.965664,3.7837143,3.4374313,-0.3976097
351,627753,627753_f10,files/627753_13140709-hq.ogg,81920,90112,0.0014978057006374002,-803.3934,241.44675,-73.43459,67.20584,27.15554,-10.035912,19.34739,5.5540237,6.363674,1.3329315,6.9459305,2.8338852,0.3666649
352,627753,627753_f11,files/627753_13140709-hq.ogg,90112,98304,0.0020527001470327377,-815.9158,238.08295,-70.63299,65.52052,28.112282,-12.069496,20.111618,6.2257233,4.5279503,2.4525604,7.1068344,1.788105,0.25065994
353,627753,627753_f12,files/627753_13140709-hq.ogg,98304,106496,0.0020797811448574066,-812.45465,247.92697,-71.58195,58.948044,34.438896,-10.800278,17.393433,7.6425095,7.171604,2.1447144,5.977249,4.924549,1.0462532
354,627753,627753_f13,files/627753_13140709-hq.ogg,106496,114688,0.001907638623379171,-795.01215,242.67178,-73.226006,69.68585,24.602654,-9.016617,20.00946,6.8625565,6.9549065,2.1354065,7.427719,1.986248,2.424858
355,627753,627753_f14,files/627753_13140709-hq.ogg,114688,122880,0.002614374738186598,-823.03284,247.88385,-69.59087,55.743546,37.249336,-13.1341095,17.36586,8.636208,6.448803,2.2382584,5.3310394,5.264023,-0.75364304
356,612195,612195_f0,files/612195_13576318-hq.ogg,0,8192,0.001344426185823977,-896.1494,222.58264,-61.00307,49.80571,64.60743,-15.235397,20.259659,28.878551,4.5635185,10.617275,11.8448715,10.419876,6.2098618
357,612195,612195_f1,files/612195_13576318-hq.ogg,8192,16384,0.0012928481446579099,-924.04236,275.86386,-21.01838,-39.198063,61.162773,48.750465,0.4424591,4.3950806,13.2332115,9.92387,11.196861,7.2189827,1.9109077
358,612195,612195_f2,files/612195_13576318-hq.ogg,16384,24576,0.0015852446667850018,-1042.1821,244.22208,90.68164,-29.709446,-55.08779,-17.584778,16.005264,17.665096,5.7080956,1.808918,4.5887604,3.4686394,-1.78722
359,612195,612195_f3,files/612195_13576318-hq.ogg,24576,32768,0.0020054865162819624,-1125.4607,175.83899,126.08624,76.76584,45.290794,29.219704,19.635284,14.543468,16.099102,20.83707,20.21444,11.044895,0.08268356
360,612195,612195_f4,files/612195_13576318-hq.ogg,32768,40960,3.3820877433754504e-05,-1223.9033,56.853474,53.564297,48.50525,42.22918,35.368965,28.534561,22.228619,16.791698,12.387234,9.0201645,6.5793495,4.88723
361,612195,612195_f5,files/612195_13576318-hq.ogg,40960,49152,8.977872312243562e-06,-1235.9741,40.483387,39.18896,37.11934,34.396935,31.177254,27.633667,23.943127,20.270397,16.755856,13.505943,10.588299,8.031326
362,612195,612195_f6,files/612195_13576318-hq.ogg,49152,57344,5.071008786217135e-07,-1254.3806,14.699661,14.125511,13.189178,11.919857,10.358009,8.552155,6.558815,4.4394035,2.2584648,0.08136749,-2.0278435,-4.0087814
363,612195,612195_f7,files/612195_13576318-hq.ogg,57344,65536,5.067637971478689e-07,-1254.2563,14.873062,14.292076,13.344513,12.060024,10.479469,8.652008,6.6348495,4.4901237,2.2831764,0.08014679,-2.0541344,-4.0585556
364,612195,612195_f8,files/612195_13576318-hq.ogg,65536,73728,5.301770329424471e-07,-1254.1628,15.003738,14.417839,13.462219,12.166821,10.572823,8.729813,6.695442,4.5323906,2.3065376,0.08455658,-2.0681725,-4.090019
365,612195,612195_f9,files/612195_13576318-hq.ogg,73728,81920,5.431319323179196e-07,-1253.9445,15.308426,14.710228,13.73465,12.412167,10.784874,8.903427,6.8266983,4.618679,2.3466454,0.07872772,-2.1183357,-4.1816177
366,387188,387188_f0,files/387188_7255534-hq.ogg,0,8192,0.0008740742923691869,-1235.502,-39.29494,37.75825,-32.16512,28.13055,-21.310863,17.056322,-11.283787,8.580051,-5.043558,4.2764835,-2.7404823,3.1249275
367,669733,669733_f0,files/669733_5819399-hq.ogg,0,8192,0.0009321175748482347,-1036.481,-150.65257,-16.010138,0.13673592,-6.2992325,9.81563,-7.221882,7.171932,1.2983608,4.483032,-1.8977394,-0.64823914,-0.14793777
368,669733,669733_f1,files/669733_5819399-hq.ogg,8192,16384,1.1038072216251749e-06,-1259.0752,-6.212036,1.9249802,1.4197464,-2.8866768,3.698204,-4.3004,3.5317078,-1.0440407,-1.2607727,1.4269524,-0.05955887,-0.6400299
369,29568,29568_f0,files/29568_227342-hq.ogg,0,8192,0.0005927791935391724,-1183.7097,-82.33863,24.929417,-3.8193169,16.315956,-13.365261,-17.202759,35.612556,-18.008017,-8.016609,10.6786,1.1969147,-3.5853653
370,29568,29568_f1,files/29568_227342-hq.ogg,8192,16384,8.322790989723217e-08,-1264.9116,3.0517578e-05,-6.866455e-05,3.0517578e-05,-8.010864e-05,6.866455e-05,-3.0517578e-05,-6.866455e-05,-4.9591064e-05,-1.9073486e-05,-2.2888184e-05,-1.9073486e-05,-4.196167e-05
371,29568,29568_f2,files/29568_227342-hq.ogg,16384,24576,3.359951206149958e-12,-1264.9116,3.0517578e-05,-6.866455e-05,3.0517578e-05,-8.010864e-05,6.866455e-05,-3.0517578e-05,-6.866455e-05,-4.9591064e-05,-1.9073486e-05,-2.2888184e-05,-1.9073486e-05,-4.196167e-05
372,29568,29568_f3,files/29568_227342-hq.ogg,24576,32768,0.0,-1264.9116,3.0517578e-05,-6.866455e-05,3.0517578e-05,-8.010864e-05,6.866455e-05,-3.0517578e-05,-6.866455e-05,-4.9591064e-05,-1.9073486e-05,-2.2888184e-05,-1.9073486e-05,-4.196167e-05
373,29568,29568_f4,files/29568_227342-hq.ogg,32768,40960,0.0,-1264.9116,3.0517578e-05,-6.866455e-05,3.0517578e-05,-8.010864e-05,6.866455e-05,-3.0517578e-05,-6.866455e-05,-4.9591064e-05,-1.9073486e-05,-2.2888184e-05,-1.9073486e-05,-4.196167e-05
374,612218,612218_f0,files/612218_13576318-hq.ogg,0,8192,0.0005141973961144686,-1236.9102,-36.91509,30.316399,-22.973553,17.37656,-13.944851,11.518963,-8.775665,5.233467,-1.3963852,-1.7344818,3.4598694,-4.053978
375,612218,612218_f1,files/612218_13576318-hq.ogg,8192,16384,0.0,-1264.9116,3.0517578e-05,-6.866455e-05,3.0517578e-05,-8.010864e-05,6.866455e-05,-3.0517578e-05,-6.866455e-05,-4.9591064e-05,-1.9073486e-05,-2.2888184e-05,-1.9073486e-05,-4.196167e-05
376,612218,612218_f2,files/612218_13576318-hq.ogg,16384,24576,0.0,-1264.9116,3.0517578e-05,-6.866455e-05,3.0517578e-05,-8.010864e-05,6.866455e-05,-3.0517578e-05,-6.866455e-05,-4.9591064e-05,-1.9073486e-05,-2.2888184e-05,-1.9073486e-05,-4.196167e-05
377,612218,612218_f3,files/612218_13576318-hq.ogg,24576,32768,0.0,-1264.9116,3.0517578e-05,-6.866455e-05,3.0517578e-05,-8.010864e-05,6.866455e-05,-3.0517578e-05,-6.866455e-05,-4.9591064e-05,-1.9073486e-05,-2.2888184e-05,-1.9073486e-05,-4.196167e-05
378,612218,612218_f4,files/612218_13576318-hq.ogg,32768,40960,0.0,-1264.9116,3.0517578e-05,-6.866455e-05,3.0517578e-05,-8.010864e-05,6.866455e-05,-3.0517578e-05,-6.866455e-05,-4.9591064e-05,-1.9073486e-05,-2.2888184e-05,-1.9073486e-05,-4.196167e-05
379,640033,640033_f0,files/640033_3655844-hq.ogg,0,8192,0.002802990609779954,-895.71173,-245.75784,-32.760807,4.7912045,-4.9969482,8.575031,5.282282,0.8035393,8.09091,1.4587288,-3.0279465,-0.16322327,-4.2378883
380,640033,640033_f1,files/640033_3655844-hq.ogg,8192,16384,0.001097328495234251,-946.8651,-227.06339,-23.491072,12.719238,-0.28702927,11.511236,4.6940746,-1.523819,6.374296,-3.1346054,-6.6187344,0.7610645,-2.6414948
381,271079,271079_f0,files/271079_4965320-hq.ogg,0,8192,0.01774427853524685,-969.7349,159.42825,116.93732,67.293564,56.366875,45.469456,39.418877,28.477297,20.819138,16.46511,10.817909,12.449316,7.3922424
382,361262,361262_f0,files/361262_2901280-hq.ogg,0,8192,0.002198775066062808,-635.4994,22.04969,-6.3066025,-7.098568,-0.8276558,7.8407173,11.43919,8.429619,3.3126774,0.2659626,0.5977001,4.9585075,5.0210648
383,361262,361262_f1,files/361262_2901280-hq.ogg,8192,16384,0.0003854821843560785,-812.3211,35.012432,29.755707,21.86729,21.839024,17.297737,11.870922,12.360205,12.549074,7.6914864,7.9601955,3.880045,-0.5244045
384,56808,56808_f0,files/56808_231832-hq.ogg,0,8192,0.0034632389433681965,-695.43835,34.471207,-48.63768,1.760891,5.336281,1.0278206,-9.457361,3.1117554,-0.6773281,4.758087,0.00998497,5.4700985,1.692173
385,827848,827848_f0,files/827848_15225418-hq.ogg,0,8192,0.012961884029209614,-687.61896,160.6106,39.98153,29.131985,21.741228,18.116207,32.173775,15.961039,13.246298,0.16073799,4.117504,-6.8705006,-0.8018837
386,827848,827848_f1,files/827848_15225418-hq.ogg,8192,16384,0.0010809825034812093,-943.27856,171.9644,42.551968,24.979465,21.849072,14.25388,16.274174,14.981661,13.81715,7.346237,7.5204926,2.281231,4.915737
387,827848,827848_f2,files/827848_15225418-hq.ogg,16384,24576,0.00015193411672953516,-1029.246,208.24585,42.933285,9.229828,8.344997,2.6641693,4.8884125,2.2515335,-2.0270882,-0.9344177,-1.5434151,-5.2653503,-4.469475
388,249592,249592_f0,files/249592_4508519-hq.ogg,0,8192,0.010370666161179543,-684.24207,141.86076,16.85783,41.142525,29.501759,17.404934,39.21762,0.124959946,16.925478,4.542122,12.604895,5.654518,6.0592117
389,249592,249592_f1,files/249592_4508519-hq.ogg,8192,16384,0.01057713758200407,-684.41187,141.36946,17.979317,41.47499,29.656872,16.801199,38.932877,-0.05284691,16.586481,4.396412,13.075304,5.9148407,6.1870823
390,249592,249592_f2,files/249592_4508519-hq.ogg,16384,24576,0.010645300149917603,-683.87354,141.59663,17.952171,41.27336,29.727468,17.223133,38.872128,-0.31665993,16.693823,4.597084,12.007235,5.324026,5.947302
391,249592,249592_f3,files/249592_4508519-hq.ogg,24576,32768,0.0103064626455307,-683.82404,141.0137,17.576096,41.837948,30.137915,17.142826,38.540314,-0.5519619,16.123653,5.1696625,12.997141,5.4369583,6.2692795
392,249592,249592_f4,files/249592_4508519-hq.ogg,32768,40960,0.010263750329613686,-683.81506,142.13295,17.709284,40.557503,29.42778,17.002281,39.356144,-0.35149193,16.314533,4.8118305,12.663122,5.539776,6.361948
393,517297,517297_f0,files/517297_10137963-hq.ogg,0,8192,0.0005849266890436411,-831.26074,-26.467384,-87.893936,-46.373775,-51.17089,-10.259689,-14.577358,-2.9040375,-6.0548744,1.3217335,-1.987133,2.8619595,2.8250122
394,5567,5567_f0,files/5567_2518-hq.ogg,0,8192,0.006012783385813236,-550.89044,32.13118,0.18998146,4.8440037,-1.8088722,0.3436699,-1.0888233,2.9263096,2.8702202,0.98587227,-0.21642303,-0.3660717,3.0860825
395,5567,5567_f1,files/5567_2518-hq.ogg,8192,16384,0.015464100986719131,-443.31348,26.31058,1.5017109,4.9350815,2.6889877,2.3711348,-1.4842596,-3.6031075,-4.588249,-4.112026,-6.5191994,-5.810934,-5.5406456
396,5567,5567_f2,files/5567_2518-hq.ogg,16384,24576,0.0017003710381686687,-687.89417,35.514923,0.76333046,2.652151,-4.4826794,-2.7028236,-4.096386,-2.2649612,-4.7342587,-3.2348251,0.12688065,1.1403275,4.4466114
397,5567,5567_f3,files/5567_2518-hq.ogg,24576,32768,7.190984615590423e-05,-997.6477,44.969524,6.1629143,4.7578125,3.7428741,5.2715664,5.414463,4.8358326,3.4340858,6.0962696,3.0664406,0.8723297,0.79795456
